track_id,tau_ms,tau_qc_pass,fit_status,tau_source_status,fit_r2,fit_nrmse_range,fit_window_over_tau,n_points,fit_t_start_ms,fit_t_end_ms,hit_tau_lower_bound,hit_tau_upper_bound
0,,False,fit_exception,recovered_from_tracks,,,,,,,False,False
1,4.748012764122506,False,ok,recovered_from_tracks,0.2722780485744718,0.2326214754112869,8.003348324406389,,,,False,False
2,2.915423064917697,False,ok,recovered_from_tracks,0.035793212443398,0.3076525634690034,125.53924142406832,,,,False,False
3,,False,fit_exception,recovered_from_tracks,,,,,,,False,False
4,10.31532219812829,True,ok,recovered_from_tracks,0.957808868778804,0.0530425459725623,4.653272004311177,,,,False,False
5,10.31532219812829,True,ok,recovered_from_tracks,0.984774102065398,0.0381581657883609,2.1327496686426226,,,,False,False
6,3.8892173338680327,False,ok,recovered_from_tracks,0.9945941194581568,0.0259615504078047,2.056969131124276,,,,False,False
7,33.40050611998421,False,ok,recovered_from_tracks,0.9779010061137348,0.0458392842552915,0.7784313179746599,,,,False,False
8,14.70708650041059,False,ok,recovered_from_tracks,0.8461354622271834,0.0591351800391635,24.070029097205424,,,,False,False
9,37.31571354905278,True,ok,recovered_from_tracks,0.9929019537878596,0.0237356723259552,1.5007082720362854,,,,False,False
10,,False,fit_exception,recovered_from_tracks,,,,,,,False,False
11,11.524484297596716,False,ok,recovered_from_tracks,0.1354832061397511,0.1689420912835125,20.131052636201744,,,,False,False
12,400.0000000000001,False,ok,recovered_from_tracks,0.9294752317132768,0.0948041466630635,0.0349999999999999,,,,False,True
13,16.799373666247643,True,ok,recovered_from_tracks,0.973468349990051,0.0484777671060321,1.190520575191614,,,,False,False
14,2.609533535895589,False,ok,recovered_from_tracks,0.0028357295497378,0.2870706120242212,133.3571671768406,,,,False,False
15,2.0,False,ok,recovered_from_tracks,-0.3501160450947618,0.3107351978692385,174.0,,,,True,False
16,215.0221774248377,False,ok,recovered_from_tracks,0.6605563379809984,0.1295906392972307,1.6091363418591849,,,,False,False
17,16.431051224762765,True,ok,recovered_from_tracks,0.9957748803173296,0.0189715484498748,1.8258113610398743,,,,False,False
18,4.963263801749598,False,ok,recovered_from_tracks,0.9691487200948632,0.0565348045184383,2.82072453917619,,,,False,False
19,400.0000000000001,False,ok,recovered_from_tracks,0.0714840693107791,0.3935336878034884,0.0099999999999999,,,,False,True
20,7.563005735029783,True,ok,recovered_from_tracks,0.9899339715662772,0.0276071342829324,4.231122006398159,,,,False,False
21,25.037584059433488,False,ok,recovered_from_tracks,0.8811502078171263,0.0658878560442818,13.499705051320664,,,,False,False
22,14.70708650041059,False,ok,recovered_from_tracks,0.7979302989604329,0.0630906572567114,14.142841955420137,,,,False,False
23,15.036764129240376,True,ok,recovered_from_tracks,0.974969174938869,0.0438120055058427,2.527139461215961,,,,False,False
24,11.02468068000533,True,ok,recovered_from_tracks,0.975598566748436,0.0453609148240411,1.9955226494586653,,,,False,False
25,13.459089604791997,False,ok,recovered_from_tracks,0.8860450151779145,0.0442654468521838,14.85984608712254,,,,False,False
26,22.912973778594367,False,ok,recovered_from_tracks,0.7972749229297419,0.0639181177514313,8.728679303375404,,,,False,False
27,13.459089604791997,True,ok,recovered_from_tracks,0.972873582017129,0.0415915619946018,3.4177646000381845,,,,False,False
28,2.0,False,ok,recovered_from_tracks,-0.0782277850439767,0.4004038077273559,170.0,,,,True,False
29,9.867958548865444,False,ok,recovered_from_tracks,0.7619391117795987,0.0556205749422746,20.06494038453017,,,,False,False
30,11.782819941207142,False,ok,recovered_from_tracks,0.9634834685786628,0.0302507332834369,16.464649461504443,,,,False,False
31,400.0000000000001,False,ok,recovered_from_tracks,0.6539715403731645,0.239062706366361,0.8449999999999998,,,,False,True
32,12.04694649945082,False,ok,recovered_from_tracks,0.93873270719989,0.0352151147878394,16.435700117787206,,,,False,False
33,17.56097284316421,False,ok,recovered_from_tracks,0.9617937972146932,0.0591660807902194,1.9361114161300497,,,,False,False
34,2.0,False,ok,recovered_from_tracks,-0.3918121071646951,0.5371075825845487,2.0,,,,True,False
35,400.0000000000001,False,ok,recovered_from_tracks,0.3717507566859442,0.2403733366296703,0.0449999999999999,,,,False,True
36,92.60386514723533,False,ok,recovered_from_tracks,0.0873044351604745,0.2607458046689443,2.0733475832216075,,,,False,False
37,,False,fit_exception,recovered_from_tracks,,,,,,,False,False
38,15.71845544772844,False,ok,recovered_from_tracks,0.8897016827306593,0.0518919665085476,12.342179589155243,,,,False,False
39,14.384636978507046,False,ok,recovered_from_tracks,0.8013869787254264,0.0608752586719642,13.625647994652589,,,,False,False
40,400.0000000000001,False,ok,recovered_from_tracks,0.7612153235678399,0.1350597030700038,0.8399999999999997,,,,False,True
41,9.03059476272512,False,ok,recovered_from_tracks,0.9027210761696316,0.0486501024461196,21.03958875269745,,,,False,False
42,9.439996546089032,True,ok,recovered_from_tracks,0.9718689491372592,0.046498898713101,2.9661027801541238,,,,False,False
43,9.233026771825957,True,ok,recovered_from_tracks,0.9697453393486852,0.0552077987564839,2.599364281411444,,,,False,False
44,9.439996546089032,False,ok,recovered_from_tracks,0.1587527466687082,0.1900642070518434,35.38136887755275,,,,False,False
45,21.91926448205724,False,ok,recovered_from_tracks,0.9060822024796604,0.0548869924409259,8.668174069231702,,,,False,False
46,400.0000000000001,False,ok,recovered_from_tracks,0.2766371345607995,0.2375126075496875,0.5499999999999998,,,,False,True
47,72.56445998031515,False,ok,recovered_from_tracks,0.2669994329465179,0.156469939240106,4.602804183902223,,,,False,False
48,12.04694649945082,False,ok,recovered_from_tracks,0.9397772571224512,0.0414061592369229,15.6056142532525,,,,False,False
49,400.0000000000001,False,ok,recovered_from_tracks,0.6741006964363649,0.2473539922636238,0.8349999999999997,,,,False,True
50,400.0000000000001,False,ok,recovered_from_tracks,0.6119830139966902,0.2824772925282263,0.8349999999999997,,,,False,True
51,400.0000000000001,False,ok,recovered_from_tracks,0.773663141417827,0.1536835454352337,0.8349999999999997,,,,False,True
52,13.760791831605683,False,ok,recovered_from_tracks,0.9389230557831004,0.0547532585101172,7.848385566878964,,,,False,False
53,29.240621848363364,True,ok,recovered_from_tracks,0.988030531274138,0.0298897006080746,1.1627659690795196,,,,False,False
54,33.40050611998421,False,ok,recovered_from_tracks,0.4883623388507444,0.1227380393102427,9.939969137214888,,,,False,False
55,46.57674730911978,True,ok,recovered_from_tracks,0.8067925151356174,0.1094478591023926,7.128020292971253,,,,False,False
56,34.91471721350163,False,ok,recovered_from_tracks,0.812771807760927,0.1054529171292624,9.50888411811666,,,,False,False
57,14.069257088931629,True,ok,recovered_from_tracks,0.9818731590016322,0.0425630264833563,1.4215391668216886,,,,False,False
58,15.036764129240376,False,ok,recovered_from_tracks,0.8139492731139165,0.0622700354914628,12.901711986207795,,,,False,False
59,12.593094511907582,False,ok,recovered_from_tracks,0.9387149712118416,0.0385117880647019,14.928816727471862,,,,False,False
60,400.0000000000001,False,ok,recovered_from_tracks,0.7991268414775714,0.1285672483533375,0.8249999999999997,,,,False,True
61,2.0,False,ok,recovered_from_tracks,-0.3823622727464497,0.4507616740498199,165.0,,,,True,False
62,138.0156846270228,False,ok,recovered_from_tracks,0.6395562988081158,0.1367669699053677,2.391032590910233,,,,False,False
63,4.542096916211342,False,ok,recovered_from_tracks,0.0187556084792752,0.2665282360725172,72.65366769744311,,,,False,False
64,2.0,False,ok,recovered_from_tracks,-0.1060253734937264,0.420307325847319,165.0,,,,True,False
65,2.0,False,ok,recovered_from_tracks,-0.1248650940082527,0.4125675067263909,165.0,,,,True,False
66,400.0000000000001,False,ok,recovered_from_tracks,0.6174024363592199,0.2783775276610913,0.8249999999999997,,,,False,True
67,400.0000000000001,False,ok,recovered_from_tracks,0.92700636732914,0.1207338344012345,0.0149999999999999,,,,False,True
68,27.359199272459296,True,ok,recovered_from_tracks,0.9760732562660456,0.0416159795371766,1.2427264285554425,,,,False,False
69,400.0000000000001,False,ok,recovered_from_tracks,0.9143349329974796,0.0831200774445439,0.0899999999999999,,,,False,True
70,400.0000000000001,False,ok,recovered_from_tracks,0.9999875613433208,0.0014398319341952,0.0099999999999999,,,,False,True
71,13.760791831605683,False,ok,recovered_from_tracks,0.931745039959114,0.0413142797592079,13.22598308492566,,,,False,False
72,400.0000000000001,False,ok,recovered_from_tracks,0.7293062185684722,0.1922825845652635,0.8199999999999997,,,,False,True
73,,False,fit_exception,recovered_from_tracks,,,,,,,False,False
74,2.980775897584514,False,ok,recovered_from_tracks,0.993788705389193,0.0306899157046368,2.6838649649854047,,,,False,False
75,9.867958548865444,False,ok,recovered_from_tracks,0.6229706691743675,0.0735870975469343,19.254235722528957,,,,False,False
76,10.782967067026464,False,ok,recovered_from_tracks,0.7739617777815249,0.060403847553647,17.620382109948782,,,,False,False
77,400.0000000000001,False,ok,recovered_from_tracks,0.6731608322604952,0.1516591988890822,0.8149999999999997,,,,False,True
78,26.75935505961524,False,ok,recovered_from_tracks,0.992808978681952,0.0258870433847267,0.8968826022350737,,,,False,False
79,14.70708650041059,False,ok,recovered_from_tracks,0.811019847530031,0.0659148632350409,12.510975575948583,,,,False,False
80,17.56097284316421,False,ok,recovered_from_tracks,0.7158407125454859,0.0686647984461384,10.591668335299683,,,,False,False
81,14.384636978507046,False,ok,recovered_from_tracks,0.4606317585259455,0.1227973901494527,22.66306758294257,,,,False,False
82,2.3357382868053747,False,ok,recovered_from_tracks,0.8610528553652667,0.0297425387022061,139.57043126003438,,,,False,False
83,,False,fit_exception,recovered_from_tracks,,,,,,,False,False
84,18.357099099351917,True,ok,recovered_from_tracks,0.9264429023996452,0.0623169047078219,5.665383154339002,,,,False,False
85,37.31571354905278,False,ok,recovered_from_tracks,0.7271853074659971,0.1121339160538683,8.736266012211233,,,,False,False
86,16.799373666247643,False,ok,recovered_from_tracks,0.6018886448001592,0.076223481714482,11.190893406801171,,,,False,False
87,11.524484297596716,False,ok,recovered_from_tracks,0.5549605358201761,0.0947819149665049,15.792463705985853,,,,False,False
88,16.070804168920027,False,ok,recovered_from_tracks,0.6150593082115661,0.0857331833904005,11.69823227412482,,,,False,False
89,14.384636978507046,True,ok,recovered_from_tracks,0.9620092292132052,0.0538136388446902,1.8074839176579964,,,,False,False
90,2.0,False,ok,recovered_from_tracks,-1.3261855293933422e-06,0.1334236382537943,100.0,,,,True,False
91,15.036764129240376,False,ok,recovered_from_tracks,0.6811166220414815,0.0729473476261696,12.236675285887808,,,,False,False
92,15.373831891999664,True,ok,recovered_from_tracks,0.8958325992557843,0.0888942807168946,2.081458950819696,,,,False,False
93,11.524484297596716,False,ok,recovered_from_tracks,0.9125942969342326,0.0447234953240652,15.618920148777216,,,,False,False
94,2.0,False,ok,recovered_from_tracks,-1.997338401096597,0.7998210031193904,2.0,,,,True,False
95,400.0000000000001,False,ok,recovered_from_tracks,0.7541185904751762,0.1496183578297862,0.8099999999999997,,,,False,True
96,400.0000000000001,False,ok,recovered_from_tracks,0.6460833627633333,0.2666973024415096,0.8099999999999997,,,,False,True
97,24.488640731374684,False,ok,recovered_from_tracks,0.0751863663538026,0.3124580701084806,4.410208030110512,,,,False,False
98,,False,fit_exception,recovered_from_tracks,,,,,,,False,False
99,400.0000000000001,False,ok,recovered_from_tracks,0.6200416627921375,0.2782961098763526,0.8099999999999997,,,,False,True
100,400.0000000000001,False,ok,recovered_from_tracks,0.4618742362921372,0.2940973474350167,0.3449999999999999,,,,False,True
101,9.65160580516214,False,ok,recovered_from_tracks,0.4582605072699602,0.1103700663938278,33.56954340455029,,,,False,False
102,13.459089604791997,False,ok,recovered_from_tracks,0.5590680798144835,0.120230170257581,24.07295066113852,,,,False,False
103,16.799373666247643,False,ok,recovered_from_tracks,0.5307066999605776,0.1024391575600054,11.190893406801171,,,,False,False
104,17.954623882526562,False,ok,recovered_from_tracks,0.4363371851674946,0.1165757403617695,10.136664582382169,,,,False,False
105,400.0000000000001,False,ok,recovered_from_tracks,0.3335512232775506,0.2873414605700221,0.5699999999999998,,,,False,True
106,10.31532219812829,False,ok,recovered_from_tracks,0.7937383878853328,0.0606729945099959,17.837542683192844,,,,False,False
107,400.0000000000001,False,ok,recovered_from_tracks,0.4974043526580247,0.1652403859616345,0.7999999999999998,,,,False,True
108,14.384636978507046,False,ok,recovered_from_tracks,0.6037828033385726,0.0837412824066107,12.513350199170745,,,,False,False
109,42.62439168462744,False,ok,recovered_from_tracks,0.73894452262363,0.0987884875535598,7.507438519419587,,,,False,False
110,11.524484297596716,False,ok,recovered_from_tracks,0.7608007829287211,0.0763605143932519,27.76696915338172,,,,False,False
111,18.768596298548967,False,ok,recovered_from_tracks,0.8294360386641182,0.0735129351953064,9.270805191406469,,,,False,False
112,22.41061204705156,False,ok,recovered_from_tracks,0.0470688107523832,0.1169998204522125,12.404837467907305,,,,False,False
113,400.0000000000001,False,ok,recovered_from_tracks,0.6516031786864109,0.2468921433241685,0.7949999999999998,,,,False,True
114,400.0000000000001,False,ok,recovered_from_tracks,0.7535490580287618,0.1637616696664013,0.7949999999999998,,,,False,True
115,13.760791831605683,False,ok,recovered_from_tracks,0.7907196142436956,0.1204641073197207,5.232257044585976,,,,False,False
116,13.760791831605683,False,ok,recovered_from_tracks,0.8024536742130953,0.0988603754350941,8.865768881104016,,,,False,False
117,9.233026771825957,False,ok,recovered_from_tracks,0.523544240388041,0.1329345662740378,17.762322589644867,,,,False,False
118,400.0000000000001,False,ok,recovered_from_tracks,0.7049365261200793,0.1986027857993171,0.7949999999999998,,,,False,True
119,14.384636978507046,False,ok,recovered_from_tracks,0.0428128240115921,0.257410399597766,22.10691868520165,,,,False,False
120,400.0000000000001,False,ok,recovered_from_tracks,0.7508354813502457,0.1825799268774072,0.7899999999999998,,,,False,True
121,2.3357382868053747,False,ok,recovered_from_tracks,0.9118895495713266,0.1024070338859123,3.425041257914954,,,,False,False
122,,False,fit_exception,recovered_from_tracks,,,,,,,False,False
123,400.0000000000001,False,ok,recovered_from_tracks,0.4303280582948077,0.2685989721508048,0.7899999999999998,,,,False,True
124,400.0000000000001,False,ok,recovered_from_tracks,0.683333398175924,0.2209128453112469,0.7899999999999998,,,,False,True
125,2.0,False,ok,recovered_from_tracks,0.4998340077333834,0.293373707701904,3.0,,,,True,False
126,5.074521530557533,False,ok,recovered_from_tracks,0.932122389412433,0.0810058902599021,2.758880796089919,,,,False,False
127,11.782819941207142,False,ok,recovered_from_tracks,0.5634383587747529,0.1021361587486855,14.427785610596676,,,,False,False
128,11.271812604135118,False,ok,recovered_from_tracks,0.7073691710342194,0.1091607719913655,14.19470014443846,,,,False,False
129,,False,fit_exception,recovered_from_tracks,,,,,,,False,False
130,23.951732860758774,False,ok,recovered_from_tracks,0.8305499653953303,0.068705769573739,7.09760755049664,,,,False,False
131,215.0221774248377,False,ok,recovered_from_tracks,0.6435046135210138,0.133856347227694,1.460314483652555,,,,False,False
132,6.3339189999078975,False,ok,recovered_from_tracks,0.4743885595381168,0.0979630806514673,49.574363045148814,,,,False,False
133,8.083094411232402,False,ok,recovered_from_tracks,0.3144150365972827,0.1270279459803042,38.84650902551137,,,,False,False
134,7.905874407234307,False,ok,recovered_from_tracks,0.221098770994792,0.1673084945185345,39.717301822132775,,,,False,False
135,400.0000000000001,False,ok,recovered_from_tracks,0.6848974052969443,0.2023704934494614,0.7849999999999998,,,,False,True
136,,False,fit_exception,recovered_from_tracks,,,,,,,False,False
137,400.0000000000001,False,ok,recovered_from_tracks,0.700183169227087,0.1609307106123691,0.7849999999999998,,,,False,True
138,400.0000000000001,False,ok,recovered_from_tracks,0.7256870566256725,0.120774793188061,0.7799999999999998,,,,False,True
139,11.02468068000533,False,ok,recovered_from_tracks,0.0795689350460182,0.0929398104753197,15.41994774581696,,,,False,False
140,400.0000000000001,False,ok,recovered_from_tracks,0.9953863340873064,0.0247336204035154,0.0199999999999999,,,,False,True
141,2.0,False,ok,recovered_from_tracks,0.1715428187955787,0.347993597621565,5.0,,,,True,False
142,4.542096916211342,False,ok,recovered_from_tracks,0.2318299194212609,0.2890554366932364,2.2016262938619127,,,,False,False
143,9.867958548865444,False,ok,recovered_from_tracks,0.2630912908764691,0.0998870054709866,17.43015023302621,,,,False,False
144,400.0000000000001,False,ok,recovered_from_tracks,0.8305244304169921,0.1918511207858834,0.0149999999999999,,,,False,True
145,400.0000000000001,False,ok,recovered_from_tracks,0.75700979841445,0.1573873723293049,0.7749999999999998,,,,False,True
146,2.0,False,ok,recovered_from_tracks,0.2408108857441369,0.3495346904185091,4.0,,,,True,False
147,400.0000000000001,False,ok,recovered_from_tracks,0.2638502890425448,0.2057914181738356,0.4499999999999998,,,,False,True
148,6.621067056307046,False,ok,recovered_from_tracks,0.892493682500404,0.046323481439008,25.07148750923357,,,,False,False
149,8.832601029318843,False,ok,recovered_from_tracks,0.6335736584691531,0.0765053619105869,19.24687863016837,,,,False,False
150,11.524484297596716,False,ok,recovered_from_tracks,0.7516828223242038,0.105669922454122,14.23057169110813,,,,False,False
151,176.13010350895294,False,ok,recovered_from_tracks,0.6575928872574346,0.1416664748189668,1.7487073127413677,,,,False,False
152,2.0,False,ok,recovered_from_tracks,-0.1974251568632101,0.4705620604409877,2.0,,,,True,False
153,400.0000000000001,False,ok,recovered_from_tracks,0.7538671073931025,0.1552785727129825,0.7699999999999998,,,,False,True
154,5.796442644630868,False,ok,recovered_from_tracks,0.1244221478665642,0.3798967231061105,19.322195847783195,,,,False,False
155,,False,fit_exception,recovered_from_tracks,,,,,,,False,False
156,6.3339189999078975,False,ok,recovered_from_tracks,0.309626250472684,0.3477084335801022,9.472808225187672,,,,False,False
157,400.0000000000001,False,ok,recovered_from_tracks,0.607146445011153,0.267988103218011,0.7699999999999998,,,,False,True
158,,False,fit_exception,recovered_from_tracks,,,,,,,False,False
159,400.0000000000001,False,ok,recovered_from_tracks,0.875057184190517,0.1467909965633491,0.0349999999999999,,,,False,True
160,79.29301469291843,False,ok,recovered_from_tracks,0.2566966000377676,0.1558741497104328,3.884327026697184,,,,False,False
161,,False,fit_exception,recovered_from_tracks,,,,,,,False,False
162,400.0000000000001,False,ok,recovered_from_tracks,0.6381629567603878,0.2794728744622275,0.7699999999999998,,,,False,True
163,400.0000000000001,False,ok,recovered_from_tracks,0.777651066895782,0.1131772703169599,0.7649999999999998,,,,False,True
164,400.0000000000001,False,ok,recovered_from_tracks,0.6540178143436183,0.2778172483577275,0.7649999999999998,,,,False,True
165,400.0000000000001,False,ok,recovered_from_tracks,0.9984603556479054,0.0164199988959986,0.0149999999999999,,,,False,True
166,400.0000000000001,False,ok,recovered_from_tracks,0.4896080859894115,0.2523375793076053,0.7649999999999998,,,,False,True
167,400.0000000000001,False,ok,recovered_from_tracks,0.6764972182584352,0.1288884167032679,0.7599999999999998,,,,False,True
168,5.4234834747439935,False,ok,recovered_from_tracks,0.7857848390558695,0.1429734133209053,8.481633661135357,,,,False,False
169,2.0,False,ok,recovered_from_tracks,0.0162904098717198,0.2644188097255367,23.0,,,,True,False
170,400.0000000000001,False,ok,recovered_from_tracks,0.6890219511682736,0.1345902291922927,0.7599999999999998,,,,False,True
171,,False,fit_exception,recovered_from_tracks,,,,,,,False,False
172,,False,fit_exception,recovered_from_tracks,,,,,,,False,False
173,2.0,False,ok,recovered_from_tracks,0.1421189957546329,0.1609475616511201,78.0,,,,True,False
174,400.0000000000001,False,ok,recovered_from_tracks,0.6460095242075417,0.1976352492518771,0.7549999999999998,,,,False,True
175,2.0,False,ok,recovered_from_tracks,-0.5933301655166134,0.5137897431865214,3.0,,,,True,False
176,,False,fit_exception,recovered_from_tracks,,,,,,,False,False
177,2.0,False,ok,recovered_from_tracks,0.0053987230194506,0.1447804613581478,81.0,,,,True,False
178,400.0000000000001,False,ok,recovered_from_tracks,0.8207313044167425,0.1238326374882347,0.7499999999999998,,,,False,True
179,342.50412579149554,False,ok,recovered_from_tracks,0.0659159581980072,0.2450793910043654,0.3328427058697658,,,,False,False
180,6.92123296252319,False,ok,recovered_from_tracks,0.1539072339304088,0.1171481072245139,22.82830253735598,,,,False,False
181,2.0,False,ok,recovered_from_tracks,0.0445491634794419,0.339159337692834,15.0,,,,True,False
182,6.92123296252319,False,ok,recovered_from_tracks,0.8359738644678123,0.0685693441737819,19.64967813342034,,,,False,False
183,2.0,False,ok,recovered_from_tracks,0.7465677063462152,0.1805652890134004,5.0,,,,True,False
184,2.0,False,ok,recovered_from_tracks,-0.0001541947105523,0.1420909969681718,80.0,,,,True,False
185,2.0,False,ok,recovered_from_tracks,0.8075310858919662,0.1705773283712416,3.0,,,,True,False
186,16.431051224762765,False,ok,recovered_from_tracks,0.2734525703010095,0.3745965852858108,1.704090603637216,,,,False,False
187,2.0,False,ok,recovered_from_tracks,-0.6125943941838916,0.2940140329206953,32.0,,,,True,False
188,400.0000000000001,False,ok,recovered_from_tracks,0.475327972212387,0.1807940816868805,0.7499999999999998,,,,False,True
189,,False,fit_exception,recovered_from_tracks,,,,,,,False,False
190,2.851503078222642,False,ok,recovered_from_tracks,0.1779624727885835,0.2563812777261551,14.027689573785144,,,,False,False
191,400.0000000000001,False,ok,recovered_from_tracks,0.2570628683957453,0.1987937930485857,0.7499999999999998,,,,False,True
192,69.41742288345432,False,ok,recovered_from_tracks,0.4655404942551797,0.1630581393577354,2.621820177703252,,,,False,False
193,400.0000000000001,False,ok,recovered_from_tracks,0.2722612246263233,0.2633887118750764,0.7499999999999998,,,,False,True
194,2.0,False,ok,recovered_from_tracks,-4.151744074957777,0.4114081026785303,60.0,,,,True,False
195,2.0,False,ok,recovered_from_tracks,-0.5436758171174831,0.4972708471384799,16.0,,,,True,False
196,2.0,False,ok,recovered_from_tracks,0.7802784217849025,0.0571900278284759,68.0,,,,True,False
197,4.3451114015843215,False,ok,recovered_from_tracks,0.0795446635962981,0.139505818335217,35.90241666603048,,,,False,False
198,400.0000000000001,False,ok,recovered_from_tracks,0.4878256937166038,0.2115641440742059,0.7499999999999998,,,,False,True
199,2.0,False,ok,recovered_from_tracks,0.0051517842792569,0.1624032926681874,35.0,,,,True,False
200,48.688302961063314,False,ok,recovered_from_tracks,0.0011669950815516,0.223153665931067,2.9575892204572978,,,,False,False
201,6.769486506167858,False,ok,recovered_from_tracks,0.053328209863633,0.1376099511568365,23.635470704346595,,,,False,False
202,,False,fit_exception,recovered_from_tracks,,,,,,,False,False
203,5.796442644630868,False,ok,recovered_from_tracks,0.0160104147114622,0.1306587812680022,26.56801929070189,,,,False,False
204,,False,fit_exception,recovered_from_tracks,,,,,,,False,False
205,4.3451114015843215,False,ok,recovered_from_tracks,0.0308878784261876,0.219024491059212,34.521554486567766,,,,False,False
206,2.0,False,ok,recovered_from_tracks,-0.2965714241054582,0.307692787661194,34.0,,,,True,False
207,,False,fit_exception,recovered_from_tracks,,,,,,,False,False
208,67.89546169692558,False,ok,recovered_from_tracks,0.0681435797210345,0.1410857780670723,2.003079390005213,,,,False,False
209,400.0000000000001,False,ok,recovered_from_tracks,0.6227653441589951,0.2447006476137666,0.7449999999999998,,,,False,True
210,2.0,False,ok,recovered_from_tracks,-0.0446040253184334,0.2766413626638538,26.0,,,,True,False
211,,False,fit_exception,recovered_from_tracks,,,,,,,False,False
212,,False,fit_exception,recovered_from_tracks,,,,,,,False,False
213,2.0,False,ok,recovered_from_tracks,-1.5884612857540392,0.5171526154043039,19.0,,,,True,False
214,2.0,False,ok,recovered_from_tracks,-26.997750997080743,0.9794986839328166,36.0,,,,True,False
215,6.769486506167858,False,ok,recovered_from_tracks,0.5417730558603355,0.0823532555061503,44.021064186845535,,,,False,False
216,12.593094511907582,False,ok,recovered_from_tracks,0.1839012323757555,0.2078751997931695,9.846666352162291,,,,False,False
217,,False,fit_exception,recovered_from_tracks,,,,,,,False,False
218,,False,fit_exception,recovered_from_tracks,,,,,,,False,False
219,400.0000000000001,False,ok,recovered_from_tracks,0.9154761372603184,0.1230166374351223,0.0199999999999999,,,,False,True
220,2.0,False,ok,recovered_from_tracks,-0.0070358537623891,0.2842292142960518,14.0,,,,True,False
221,2.0,False,ok,recovered_from_tracks,0.0827226705060559,0.1778414104376499,74.0,,,,True,False
222,2.0,False,ok,recovered_from_tracks,-0.5,0.5773502691896257,3.0,,,,True,False
223,400.0000000000001,False,ok,recovered_from_tracks,0.6193830776527578,0.2016710083060826,0.7299999999999998,,,,False,True
224,2.0,False,ok,recovered_from_tracks,0.4009927846401218,0.3144605771479571,8.0,,,,True,False
225,400.0000000000001,False,ok,recovered_from_tracks,-0.042942580157439,0.2854837014134921,0.0449999999999999,,,,False,True
226,,False,fit_exception,recovered_from_tracks,,,,,,,False,False
227,2.0,False,ok,recovered_from_tracks,-3.632693122188728,0.576336801354103,15.0,,,,True,False
228,31.95196461851046,False,ok,recovered_from_tracks,0.048807555780527,0.1458443326391978,4.631953050995194,,,,False,False
229,2.0,False,ok,recovered_from_tracks,-0.6798938954262856,0.460062345445093,7.0,,,,True,False
230,,False,fit_exception,recovered_from_tracks,,,,,,,False,False
231,,False,fit_exception,recovered_from_tracks,,,,,,,False,False
232,400.0000000000001,False,ok,recovered_from_tracks,0.16386323103927,0.1793646079807443,0.3849999999999999,,,,False,True
233,,False,fit_exception,recovered_from_tracks,,,,,,,False,False
234,,False,fit_exception,recovered_from_tracks,,,,,,,False,False
235,,False,fit_exception,recovered_from_tracks,,,,,,,False,False
236,,False,fit_exception,recovered_from_tracks,,,,,,,False,False
237,2.0,False,ok,recovered_from_tracks,0.8900916357250159,0.1507872246827583,2.0,,,,True,False
238,2.0,False,ok,recovered_from_tracks,-0.0861491917275141,0.3804045511339346,4.0,,,,True,False
239,2.0,False,ok,recovered_from_tracks,-0.0397724300424457,0.3634066913783285,3.0,,,,True,False
240,,False,fit_exception,recovered_from_tracks,,,,,,,False,False
241,,False,fit_exception,recovered_from_tracks,,,,,,,False,False
242,,False,fit_exception,recovered_from_tracks,,,,,,,False,False
243,,False,fit_exception,recovered_from_tracks,,,,,,,False,False
244,,False,fit_exception,recovered_from_tracks,,,,,,,False,False
245,176.13010350895294,False,ok,recovered_from_tracks,0.9145510452259984,0.0667041829449437,0.3633677532969075,,,,False,False
246,400.0000000000001,False,ok,recovered_from_tracks,0.2150255477929989,0.1555774166977938,0.3799999999999999,,,,False,True
247,2.0,False,ok,recovered_from_tracks,-1.3248296354906866,0.5424064609469457,7.0,,,,True,False
248,,False,fit_exception,recovered_from_tracks,,,,,,,False,False
249,,False,fit_exception,recovered_from_tracks,,,,,,,False,False
250,,False,fit_exception,recovered_from_tracks,,,,,,,False,False
251,2.0,False,ok,recovered_from_tracks,-1.6282718390987307,0.6638614070614953,4.0,,,,True,False
252,400.0000000000001,False,ok,recovered_from_tracks,-0.0384115843043224,0.4205937826045795,0.0099999999999999,,,,False,True
253,2.0,False,ok,recovered_from_tracks,-2.682471920321009,0.7069390398170193,7.0,,,,True,False
254,32.66820763044825,False,ok,recovered_from_tracks,0.1772885755553277,0.2429067665694161,0.6734376201128036,,,,False,False
255,,False,fit_exception,recovered_from_tracks,,,,,,,False,False
256,400.0000000000001,False,ok,recovered_from_tracks,0.53054623065243,0.151280620926088,0.4599999999999998,,,,False,True
257,2.0,False,ok,recovered_from_tracks,-0.495781261154165,0.3426833318493459,28.0,,,,True,False
258,,False,fit_exception,recovered_from_tracks,,,,,,,False,False
259,,False,fit_exception,recovered_from_tracks,,,,,,,False,False
260,,False,fit_exception,recovered_from_tracks,,,,,,,False,False
261,,False,fit_exception,recovered_from_tracks,,,,,,,False,False
262,2.0,False,ok,recovered_from_tracks,0.0094608090549112,0.2089765765286488,65.0,,,,True,False
263,,False,fit_exception,recovered_from_tracks,,,,,,,False,False
264,400.0000000000001,False,ok,recovered_from_tracks,0.586926632355274,0.2875249057637721,0.0099999999999999,,,,False,True
265,,False,fit_exception,recovered_from_tracks,,,,,,,False,False
266,400.0000000000001,False,ok,recovered_from_tracks,0.3821866713016278,0.3364967255210104,0.2049999999999999,,,,False,True
267,3.257168965463022,False,ok,recovered_from_tracks,0.1406524122697947,0.2831362012682107,13.508663648262775,,,,False,False
268,,False,fit_exception,recovered_from_tracks,,,,,,,False,False
269,400.0000000000001,False,ok,recovered_from_tracks,0.3234196597008271,0.3155348341191142,0.6849999999999998,,,,False,True
270,2.0,False,ok,recovered_from_tracks,-1.9868690162877063,0.4566651056815636,25.0,,,,True,False
271,,False,fit_exception,recovered_from_tracks,,,,,,,False,False
272,,False,fit_exception,recovered_from_tracks,,,,,,,False,False
273,2.0,False,ok,recovered_from_tracks,-0.1842084200868696,0.3325387842063883,8.0,,,,True,False
274,8.449541290314682,False,ok,recovered_from_tracks,0.403063992369711,0.3544300182662643,3.550488596864733,,,,False,False
275,,False,fit_exception,recovered_from_tracks,,,,,,,False,False
276,,False,fit_exception,recovered_from_tracks,,,,,,,False,False
277,2.0,False,ok,recovered_from_tracks,-0.4874152233466899,0.4200899113230344,8.0,,,,True,False
278,,False,fit_exception,recovered_from_tracks,,,,,,,False,False
279,,False,fit_exception,recovered_from_tracks,,,,,,,False,False
280,2.0,False,ok,recovered_from_tracks,-1.991260443036329,0.7869919707561065,2.0,,,,True,False
281,,False,fit_exception,recovered_from_tracks,,,,,,,False,False
282,400.0000000000001,False,ok,recovered_from_tracks,0.2092954034110972,0.158540617970127,0.3349999999999999,,,,False,True
283,,False,fit_exception,recovered_from_tracks,,,,,,,False,False
284,,False,fit_exception,recovered_from_tracks,,,,,,,False,False
285,,False,fit_exception,recovered_from_tracks,,,,,,,False,False
286,,False,fit_exception,recovered_from_tracks,,,,,,,False,False
287,2.0,False,ok,recovered_from_tracks,-0.391688930580808,0.4473168252921839,5.0,,,,True,False
288,2.0,False,ok,recovered_from_tracks,-0.6901059808241534,0.4544149209182217,10.0,,,,True,False
289,400.0000000000001,False,ok,recovered_from_tracks,0.2113518597813486,0.3625633217277115,0.0149999999999999,,,,False,True
290,,False,fit_exception,recovered_from_tracks,,,,,,,False,False
291,,False,fit_exception,recovered_from_tracks,,,,,,,False,False
292,,False,fit_exception,recovered_from_tracks,,,,,,,False,False
293,,False,fit_exception,recovered_from_tracks,,,,,,,False,False
294,,False,fit_exception,recovered_from_tracks,,,,,,,False,False
295,,False,fit_exception,recovered_from_tracks,,,,,,,False,False
296,16.070804168920027,False,ok,recovered_from_tracks,0.0060605695893897,0.2679232406390402,5.600217578038478,,,,False,False
297,,False,fit_exception,recovered_from_tracks,,,,,,,False,False
298,,False,fit_exception,recovered_from_tracks,,,,,,,False,False
299,,False,fit_exception,recovered_from_tracks,,,,,,,False,False
300,2.0,False,ok,recovered_from_tracks,0.0589768884967516,0.3783336185177758,5.0,,,,True,False
301,,False,fit_exception,recovered_from_tracks,,,,,,,False,False
302,,False,fit_exception,recovered_from_tracks,,,,,,,False,False
303,400.0000000000001,False,ok,recovered_from_tracks,0.7968037475053329,0.2075997078056136,0.0199999999999999,,,,False,True
304,15.036764129240376,False,ok,recovered_from_tracks,0.9186091148792096,0.0837568767316114,2.3941321211519626,,,,False,False
305,2.0,False,ok,recovered_from_tracks,-0.6496069318253499,0.4311679325614043,13.0,,,,True,False
306,400.0000000000001,False,ok,recovered_from_tracks,0.9562312016204656,0.0869884565929252,0.0099999999999999,,,,False,True
307,,False,fit_exception,recovered_from_tracks,,,,,,,False,False
308,7.235006882445936,False,ok,recovered_from_tracks,0.9999995132648474,0.0002856994587328,0.5528674768375232,,,,False,False
309,,False,fit_exception,recovered_from_tracks,,,,,,,False,False
310,,False,fit_exception,recovered_from_tracks,,,,,,,False,False
311,,False,fit_exception,recovered_from_tracks,,,,,,,False,False
312,,False,fit_exception,recovered_from_tracks,,,,,,,False,False
313,,False,fit_exception,recovered_from_tracks,,,,,,,False,False
314,,False,fit_exception,recovered_from_tracks,,,,,,,False,False
315,,False,fit_exception,recovered_from_tracks,,,,,,,False,False
316,2.0,False,ok,recovered_from_tracks,-1.486845795747004,0.608960647140013,4.0,,,,True,False
317,,False,fit_exception,recovered_from_tracks,,,,,,,False,False
318,400.0000000000001,False,ok,recovered_from_tracks,0.7129703259342848,0.2515577222540476,0.6299999999999998,,,,False,True
319,,False,fit_exception,recovered_from_tracks,,,,,,,False,False
320,400.0000000000001,False,ok,recovered_from_tracks,0.647400480165568,0.2514428307745635,0.0249999999999999,,,,False,True
321,400.0000000000001,False,ok,recovered_from_tracks,0.0689723052095631,0.1816915856604856,0.2799999999999999,,,,False,True
322,,False,fit_exception,recovered_from_tracks,,,,,,,False,False
323,2.0,False,ok,recovered_from_tracks,-0.3934568175644128,0.5376998660098105,3.0,,,,True,False
324,2.0,False,ok,recovered_from_tracks,0.2266348763849687,0.346039104921581,6.0,,,,True,False
325,34.14921999061002,False,ok,recovered_from_tracks,0.4358713066041768,0.2640649778210597,0.6442314057553677,,,,False,False
326,,False,fit_exception,recovered_from_tracks,,,,,,,False,False
327,,False,fit_exception,recovered_from_tracks,,,,,,,False,False
328,,False,fit_exception,recovered_from_tracks,,,,,,,False,False
329,,False,fit_exception,recovered_from_tracks,,,,,,,False,False
330,,False,fit_exception,recovered_from_tracks,,,,,,,False,False
331,14.069257088931629,False,ok,recovered_from_tracks,0.4778915749642498,0.2071439261101381,1.4215391668216886,,,,False,False
332,,False,fit_exception,recovered_from_tracks,,,,,,,False,False
333,,False,fit_exception,recovered_from_tracks,,,,,,,False,False
334,,False,fit_exception,recovered_from_tracks,,,,,,,False,False
335,2.0,False,ok,recovered_from_tracks,-0.0820312165999417,0.3459313240435273,7.0,,,,True,False
336,75.85416792373917,False,ok,recovered_from_tracks,0.6384524270029999,0.2716528669521577,0.6855259430474377,,,,False,False
337,,False,fit_exception,recovered_from_tracks,,,,,,,False,False
338,400.0000000000001,False,ok,recovered_from_tracks,0.6964667581112935,0.2687323629457061,0.0949999999999999,,,,False,True
339,2.0,False,ok,recovered_from_tracks,0.029083637180839,0.3748489241724831,8.0,,,,True,False
340,,False,fit_exception,recovered_from_tracks,,,,,,,False,False
341,,False,fit_exception,recovered_from_tracks,,,,,,,False,False
342,2.0,False,ok,recovered_from_tracks,-1.6400615472996414,0.6657640789976942,2.0,,,,True,False
343,,False,fit_exception,recovered_from_tracks,,,,,,,False,False
344,,False,fit_exception,recovered_from_tracks,,,,,,,False,False
345,,False,fit_exception,recovered_from_tracks,,,,,,,False,False
346,,False,fit_exception,recovered_from_tracks,,,,,,,False,False
347,,False,fit_exception,recovered_from_tracks,,,,,,,False,False
348,,False,fit_exception,recovered_from_tracks,,,,,,,False,False
349,400.0000000000001,False,ok,recovered_from_tracks,0.4183503982235348,0.2545833576607454,0.0299999999999999,,,,False,True
350,,False,fit_exception,recovered_from_tracks,,,,,,,False,False
351,,False,fit_exception,recovered_from_tracks,,,,,,,False,False
352,,False,fit_exception,recovered_from_tracks,,,,,,,False,False
353,,False,fit_exception,recovered_from_tracks,,,,,,,False,False
354,2.0,False,ok,recovered_from_tracks,-0.4896757902490127,0.2858105457541307,21.0,,,,True,False
355,,False,fit_exception,recovered_from_tracks,,,,,,,False,False
356,,False,fit_exception,recovered_from_tracks,,,,,,,False,False
357,,False,fit_exception,recovered_from_tracks,,,,,,,False,False
358,,False,fit_exception,recovered_from_tracks,,,,,,,False,False
359,2.0,False,ok,recovered_from_tracks,-0.0718891047723147,0.4304753586724893,2.0,,,,True,False
360,400.0000000000001,False,ok,recovered_from_tracks,0.0488131764413398,0.3448918359509162,0.0149999999999999,,,,False,True
361,,False,fit_exception,recovered_from_tracks,,,,,,,False,False
362,6.621067056307046,False,ok,recovered_from_tracks,0.219495834724128,0.139961951720277,13.592975155608563,,,,False,False
363,,False,fit_exception,recovered_from_tracks,,,,,,,False,False
364,,False,fit_exception,recovered_from_tracks,,,,,,,False,False
365,,False,fit_exception,recovered_from_tracks,,,,,,,False,False
366,16.799373666247643,False,ok,recovered_from_tracks,0.909516869809568,0.1077406488853174,0.4762082300766456,,,,False,False
367,15.71845544772844,False,ok,recovered_from_tracks,0.1630547386319087,0.3426892505054858,3.053735156079648,,,,False,False
368,3.404832637481868,False,ok,recovered_from_tracks,0.1482930626770332,0.2024124030892797,18.209411915721564,,,,False,False
369,,False,fit_exception,recovered_from_tracks,,,,,,,False,False
370,2.0,False,ok,recovered_from_tracks,-1.2700300491802716,0.4225366538505468,29.0,,,,True,False
371,2.0,False,ok,recovered_from_tracks,0.2397189610767057,0.2546809833745589,11.0,,,,True,False
372,2.0,False,ok,recovered_from_tracks,-0.0133041282358352,0.2574043284497029,23.0,,,,True,False
373,,False,fit_exception,recovered_from_tracks,,,,,,,False,False
374,,False,fit_exception,recovered_from_tracks,,,,,,,False,False
375,2.0,False,ok,recovered_from_tracks,0.2027457915193649,0.2232310888574321,20.0,,,,True,False
376,2.0,False,ok,recovered_from_tracks,-0.9106372825539566,0.6406864879207665,5.0,,,,True,False
377,2.0,False,ok,recovered_from_tracks,-0.1453589106195358,0.2872229163952899,10.0,,,,True,False
378,,False,fit_exception,recovered_from_tracks,,,,,,,False,False
379,400.0000000000001,False,ok,recovered_from_tracks,0.2813387812062125,0.3662566496512531,0.2049999999999999,,,,False,True
380,400.0000000000001,False,ok,recovered_from_tracks,-0.0534142855748118,0.4269018683437205,0.0149999999999999,,,,False,True
381,2.0,False,ok,recovered_from_tracks,-0.0003013533297326,0.2688082851807717,11.0,,,,True,False
382,400.0000000000001,False,ok,recovered_from_tracks,0.2183403830242779,0.3870716850215374,0.0149999999999999,,,,False,True
383,2.0,False,ok,recovered_from_tracks,-0.7712375952735662,0.360356272709089,14.0,,,,True,False
384,2.0,False,ok,recovered_from_tracks,-1.6062681515904311,0.5725176570052332,5.0,,,,True,False
385,2.0,False,ok,recovered_from_tracks,-0.0142457476418129,0.2855056880699826,14.0,,,,True,False
386,2.0,False,ok,recovered_from_tracks,0.3082543535445182,0.283100009807599,4.0,,,,True,False
387,2.0,False,ok,recovered_from_tracks,-1.286751706469241,0.523875274249716,10.0,,,,True,False
388,2.0,False,ok,recovered_from_tracks,0.7674704216481381,0.1418567960637617,8.0,,,,True,False
389,2.0,False,ok,recovered_from_tracks,-0.0563889813458946,0.2916891149374074,11.0,,,,True,False
390,2.0,False,ok,recovered_from_tracks,0.5245981574109888,0.2381583925981996,7.0,,,,True,False
391,2.0,False,ok,recovered_from_tracks,-0.0033755630538052,0.3914656137741213,8.0,,,,True,False
392,2.0,False,ok,recovered_from_tracks,-3.218929159256705,0.5662032043479478,33.0,,,,True,False
393,2.0,False,ok,recovered_from_tracks,-1.674944495652451,0.5942894487998395,3.0,,,,True,False
394,,False,fit_exception,recovered_from_tracks,,,,,,,False,False
395,,False,fit_exception,recovered_from_tracks,,,,,,,False,False
396,,False,fit_exception,recovered_from_tracks,,,,,,,False,False
397,2.0,False,ok,recovered_from_tracks,-1.9980530146921736,0.8021719583991964,2.0,,,,True,False
398,2.0,False,ok,recovered_from_tracks,-1.1326599158495938,0.5659765205700242,4.0,,,,True,False
399,2.0,False,ok,recovered_from_tracks,-0.894112504329517,0.580288299157002,5.0,,,,True,False
400,,False,fit_exception,recovered_from_tracks,,,,,,,False,False
401,,False,fit_exception,recovered_from_tracks,,,,,,,False,False
402,,False,fit_exception,recovered_from_tracks,,,,,,,False,False
403,2.0,False,ok,recovered_from_tracks,-3.1302914565648727,0.5433142932811459,34.0,,,,True,False
404,,False,fit_exception,recovered_from_tracks,,,,,,,False,False
405,2.0,False,ok,recovered_from_tracks,-0.3550457520374734,0.3017863872643542,34.0,,,,True,False
406,,False,fit_exception,recovered_from_tracks,,,,,,,False,False
407,2.0,False,ok,recovered_from_tracks,-0.0325657917744963,0.2453390042174777,26.0,,,,True,False
408,2.0,False,ok,recovered_from_tracks,-1.2186806039365723,0.6744098651734567,3.0,,,,True,False
409,,False,fit_exception,recovered_from_tracks,,,,,,,False,False
410,,False,fit_exception,recovered_from_tracks,,,,,,,False,False
411,,False,fit_exception,recovered_from_tracks,,,,,,,False,False
412,2.0,False,ok,recovered_from_tracks,-3.732393598981118,0.5696017393913427,32.0,,,,True,False
413,92.60386514723533,False,ok,recovered_from_tracks,0.6371383311853551,0.181405598521991,2.2893212898071917,,,,False,False
414,,False,fit_exception,recovered_from_tracks,,,,,,,False,False
415,,False,fit_exception,recovered_from_tracks,,,,,,,False,False
416,2.0,False,ok,recovered_from_tracks,-1.7484981089772105,0.4997899819902861,32.0,,,,True,False
417,2.0,False,ok,recovered_from_tracks,-0.3464999534362325,0.4386464247569373,105.0,,,,True,False
418,,False,fit_exception,recovered_from_tracks,,,,,,,False,False
419,,False,fit_exception,recovered_from_tracks,,,,,,,False,False
420,,False,fit_exception,recovered_from_tracks,,,,,,,False,False
421,,False,fit_exception,recovered_from_tracks,,,,,,,False,False
422,,False,fit_exception,recovered_from_tracks,,,,,,,False,False
423,2.0,False,ok,recovered_from_tracks,0.0249041360255335,0.2847928646349656,9.0,,,,True,False
424,400.0000000000001,False,ok,recovered_from_tracks,0.0219589324990392,0.3904986351264843,0.0349999999999999,,,,False,True
425,,False,fit_exception,recovered_from_tracks,,,,,,,False,False
426,,False,fit_exception,recovered_from_tracks,,,,,,,False,False
427,,False,fit_exception,recovered_from_tracks,,,,,,,False,False
428,2.0,False,ok,recovered_from_tracks,-3.17366260349219,0.8022878378918203,14.0,,,,True,False
429,2.0,False,ok,recovered_from_tracks,-2.179410209083633,0.5077495176883393,26.0,,,,True,False
430,,False,fit_exception,recovered_from_tracks,,,,,,,False,False
431,2.0,False,ok,recovered_from_tracks,0.0741129142317722,0.4681715584935625,5.0,,,,True,False
432,,False,fit_exception,recovered_from_tracks,,,,,,,False,False
433,,False,fit_exception,recovered_from_tracks,,,,,,,False,False
434,,False,fit_exception,recovered_from_tracks,,,,,,,False,False
435,,False,fit_exception,recovered_from_tracks,,,,,,,False,False
436,,False,fit_exception,recovered_from_tracks,,,,,,,False,False
437,,False,fit_exception,recovered_from_tracks,,,,,,,False,False
438,,False,fit_exception,recovered_from_tracks,,,,,,,False,False
439,2.0,False,ok,recovered_from_tracks,0.5599461318617249,0.2656291357866928,3.0,,,,True,False
440,34.91471721350163,False,ok,recovered_from_tracks,0.6406694553136089,0.2261652086364345,1.088366254483232,,,,False,False
441,2.0,False,ok,recovered_from_tracks,-2.656372222480136,0.5909008941613169,19.0,,,,True,False
442,,False,fit_exception,recovered_from_tracks,,,,,,,False,False
443,,False,fit_exception,recovered_from_tracks,,,,,,,False,False
444,400.0000000000001,False,ok,recovered_from_tracks,0.2056070438795153,0.2144934667349902,0.1249999999999999,,,,False,True
445,,False,fit_exception,recovered_from_tracks,,,,,,,False,False
446,,False,fit_exception,recovered_from_tracks,,,,,,,False,False
447,2.0,False,ok,recovered_from_tracks,-5.592946607367208,0.6913238573799068,19.0,,,,True,False
448,,False,fit_exception,recovered_from_tracks,,,,,,,False,False
449,,False,fit_exception,recovered_from_tracks,,,,,,,False,False
450,400.0000000000001,False,ok,recovered_from_tracks,0.1979397311287052,0.2852583016132349,0.1249999999999999,,,,False,True
451,,False,fit_exception,recovered_from_tracks,,,,,,,False,False
452,,False,fit_exception,recovered_from_tracks,,,,,,,False,False
453,,False,fit_exception,recovered_from_tracks,,,,,,,False,False
454,,False,fit_exception,recovered_from_tracks,,,,,,,False,False
455,,False,fit_exception,recovered_from_tracks,,,,,,,False,False
456,2.0,False,ok,recovered_from_tracks,-0.6514804877072098,0.5472595402931267,5.0,,,,True,False
457,,False,fit_exception,recovered_from_tracks,,,,,,,False,False
458,,False,fit_exception,recovered_from_tracks,,,,,,,False,False
459,,False,fit_exception,recovered_from_tracks,,,,,,,False,False
460,2.0,False,ok,recovered_from_tracks,0.0313177136419924,0.421666444283053,4.0,,,,True,False
461,,False,fit_exception,recovered_from_tracks,,,,,,,False,False
462,,False,fit_exception,recovered_from_tracks,,,,,,,False,False
463,,False,fit_exception,recovered_from_tracks,,,,,,,False,False
464,,False,fit_exception,recovered_from_tracks,,,,,,,False,False
465,,False,fit_exception,recovered_from_tracks,,,,,,,False,False
466,,False,fit_exception,recovered_from_tracks,,,,,,,False,False
467,,False,fit_exception,recovered_from_tracks,,,,,,,False,False
468,400.0000000000001,False,ok,recovered_from_tracks,0.1637713472110454,0.2511546201239867,0.1049999999999999,,,,False,True
469,2.0,False,ok,recovered_from_tracks,-0.934634499428492,0.3525871618799757,19.0,,,,True,False
470,,False,fit_exception,recovered_from_tracks,,,,,,,False,False
471,400.0000000000001,False,ok,recovered_from_tracks,0.1489913665623451,0.2661111834627114,0.0999999999999999,,,,False,True
472,,False,fit_exception,recovered_from_tracks,,,,,,,False,False
473,,False,fit_exception,recovered_from_tracks,,,,,,,False,False
474,,False,fit_exception,recovered_from_tracks,,,,,,,False,False
475,,False,fit_exception,recovered_from_tracks,,,,,,,False,False
476,,False,fit_exception,recovered_from_tracks,,,,,,,False,False
477,,False,fit_exception,recovered_from_tracks,,,,,,,False,False
478,,False,fit_exception,recovered_from_tracks,,,,,,,False,False
479,2.0,False,ok,recovered_from_tracks,-0.0397009328251067,0.3610190445569336,5.0,,,,True,False
480,,False,fit_exception,recovered_from_tracks,,,,,,,False,False
481,,False,fit_exception,recovered_from_tracks,,,,,,,False,False
482,,False,fit_exception,recovered_from_tracks,,,,,,,False,False
483,2.0,False,ok,recovered_from_tracks,-1.033095858584974,0.5997327723501588,9.0,,,,True,False
484,,False,fit_exception,recovered_from_tracks,,,,,,,False,False
485,2.0,False,ok,recovered_from_tracks,-0.539853095466752,0.493194977100979,5.0,,,,True,False
486,,False,fit_exception,recovered_from_tracks,,,,,,,False,False
487,,False,fit_exception,recovered_from_tracks,,,,,,,False,False
488,,False,fit_exception,recovered_from_tracks,,,,,,,False,False
489,,False,fit_exception,recovered_from_tracks,,,,,,,False,False
490,,False,fit_exception,recovered_from_tracks,,,,,,,False,False
491,,False,fit_exception,recovered_from_tracks,,,,,,,False,False
492,,False,fit_exception,recovered_from_tracks,,,,,,,False,False
493,,False,fit_exception,recovered_from_tracks,,,,,,,False,False
494,,False,fit_exception,recovered_from_tracks,,,,,,,False,False
495,,False,fit_exception,recovered_from_tracks,,,,,,,False,False
496,,False,fit_exception,recovered_from_tracks,,,,,,,False,False
497,,False,fit_exception,recovered_from_tracks,,,,,,,False,False
498,,False,fit_exception,recovered_from_tracks,,,,,,,False,False
499,,False,fit_exception,recovered_from_tracks,,,,,,,False,False
500,,False,fit_exception,recovered_from_tracks,,,,,,,False,False
501,,False,fit_exception,recovered_from_tracks,,,,,,,False,False
502,2.0,False,ok,recovered_from_tracks,-1.5390157405904097,0.6506842681252966,3.0,,,,True,False
503,,False,fit_exception,recovered_from_tracks,,,,,,,False,False
504,,False,fit_exception,recovered_from_tracks,,,,,,,False,False
505,,False,fit_exception,recovered_from_tracks,,,,,,,False,False
506,19.619470133302293,False,ok,recovered_from_tracks,0.7968809787338584,0.1103508593614455,8.35904328127724,,,,False,False
507,,False,fit_exception,recovered_from_tracks,,,,,,,False,False
508,,False,fit_exception,recovered_from_tracks,,,,,,,False,False
509,,False,fit_exception,recovered_from_tracks,,,,,,,False,False
510,,False,fit_exception,recovered_from_tracks,,,,,,,False,False
511,,False,fit_exception,recovered_from_tracks,,,,,,,False,False
512,,False,fit_exception,recovered_from_tracks,,,,,,,False,False
513,,False,fit_exception,recovered_from_tracks,,,,,,,False,False
514,,False,fit_exception,recovered_from_tracks,,,,,,,False,False
515,2.0,False,ok,recovered_from_tracks,-0.774598661494792,0.5845694188382513,3.0,,,,True,False
516,2.0,False,ok,recovered_from_tracks,-1.705961068565069,0.6772834170028995,3.0,,,,True,False
517,,False,fit_exception,recovered_from_tracks,,,,,,,False,False
518,2.0,False,ok,recovered_from_tracks,-1.3172527753759442,0.61790916077085,5.0,,,,True,False
519,,False,fit_exception,recovered_from_tracks,,,,,,,False,False
520,7.905874407234307,False,ok,recovered_from_tracks,0.6789935331839725,0.1047811042592976,19.732162688702907,,,,False,False
521,,False,fit_exception,recovered_from_tracks,,,,,,,False,False
522,,False,fit_exception,recovered_from_tracks,,,,,,,False,False
523,,False,fit_exception,recovered_from_tracks,,,,,,,False,False
524,10.782967067026464,False,ok,recovered_from_tracks,0.7963542477812128,0.0976585316639298,14.28178339437954,,,,False,False
525,,False,fit_exception,recovered_from_tracks,,,,,,,False,False
526,,False,fit_exception,recovered_from_tracks,,,,,,,False,False
527,,False,fit_exception,recovered_from_tracks,,,,,,,False,False
528,,False,fit_exception,recovered_from_tracks,,,,,,,False,False
529,,False,fit_exception,recovered_from_tracks,,,,,,,False,False
530,,False,fit_exception,recovered_from_tracks,,,,,,,False,False
531,,False,fit_exception,recovered_from_tracks,,,,,,,False,False
532,2.0,False,ok,recovered_from_tracks,-5.203901565009142,0.7311777158361895,76.0,,,,True,False
533,,False,fit_exception,recovered_from_tracks,,,,,,,False,False
534,2.0,False,ok,recovered_from_tracks,0.0034778739918213,0.3931201387295624,3.0,,,,True,False
535,,False,fit_exception,recovered_from_tracks,,,,,,,False,False
536,,False,fit_exception,recovered_from_tracks,,,,,,,False,False
537,25.59883263467713,True,ok,recovered_from_tracks,0.936073566532838,0.0504862525510354,5.7815136382240215,,,,False,False
538,26.172662294520045,False,ok,recovered_from_tracks,0.982982985735644,0.0290475535872433,5.65475526847675,,,,False,False
539,35.69737400836636,False,ok,recovered_from_tracks,0.9937328000069046,0.0233282580499812,0.9524510119996908,,,,False,False
540,400.0000000000001,False,ok,recovered_from_tracks,0.9631301826281288,0.0719246853234615,0.0149999999999999,,,,False,True
541,400.0000000000001,False,ok,recovered_from_tracks,0.996603440204786,0.0204331226751315,0.0349999999999999,,,,False,True
542,2.0,False,ok,recovered_from_tracks,-3.3963833596866566,0.5660471921457076,74.0,,,,True,False
543,25.59883263467713,False,ok,recovered_from_tracks,0.9779723391993654,0.0329965272150051,5.7815136382240215,,,,False,False
544,2.0,False,ok,recovered_from_tracks,-1.083827382022856,0.6847888104460822,3.0,,,,True,False
545,7.397188556804441,False,ok,recovered_from_tracks,0.90625916966435,0.050238080313931,20.007601383076747,,,,False,False
546,29.240621848363364,False,ok,recovered_from_tracks,0.9825183116293636,0.0432860674405674,0.8891739763549267,,,,False,False
547,10.31532219812829,False,ok,recovered_from_tracks,0.9425136483074248,0.0405544940566072,14.34758867995946,,,,False,False
548,400.0000000000001,False,ok,recovered_from_tracks,0.98788589340288,0.0451557090349903,0.0099999999999999,,,,False,True
549,20.059264948697127,False,ok,recovered_from_tracks,0.9698998967479172,0.0347905657524302,7.378136755186175,,,,False,False
550,400.0000000000001,False,ok,recovered_from_tracks,0.866248766228327,0.158321615519686,0.0099999999999999,,,,False,True
551,,False,fit_exception,recovered_from_tracks,,,,,,,False,False
552,41.68986160487618,False,ok,recovered_from_tracks,0.9146742080326288,0.06273827723066,3.5500237780278323,,,,False,False
553,,False,fit_exception,recovered_from_tracks,,,,,,,False,False
554,2.0,False,ok,recovered_from_tracks,-0.0216156255742718,0.2506837070341077,74.0,,,,True,False
555,400.0000000000001,False,ok,recovered_from_tracks,0.9261625458778188,0.1057443447523813,0.0149999999999999,,,,False,True
556,8.264287021952953,False,ok,recovered_from_tracks,0.8866765799611683,0.0528105623120173,17.908380917417094,,,,False,False
557,,False,fit_exception,recovered_from_tracks,,,,,,,False,False
558,,False,fit_exception,recovered_from_tracks,,,,,,,False,False
559,18.357099099351917,True,ok,recovered_from_tracks,0.9776914822938958,0.0305745809055299,8.062276027328581,,,,False,False
560,,False,fit_exception,recovered_from_tracks,,,,,,,False,False
561,17.954623882526562,False,ok,recovered_from_tracks,0.8844449252493105,0.0621088469174211,8.243001968090994,,,,False,False
562,16.431051224762765,True,ok,recovered_from_tracks,0.9784358280361573,0.033028237040549,8.885615290394055,,,,False,False
563,400.0000000000001,False,ok,recovered_from_tracks,0.91071906833879,0.0997528091422622,0.0399999999999999,,,,False,True
564,3.404832637481868,False,ok,recovered_from_tracks,0.8235452451950535,0.0547709543544639,42.8802280596024,,,,False,False
565,2.1854504178609906,False,ok,recovered_from_tracks,0.9999997520778756,0.0002093660545405,1.830286318696262,,,,False,False
566,,False,fit_exception,recovered_from_tracks,,,,,,,False,False
567,400.0000000000001,False,ok,recovered_from_tracks,0.9888963633944226,0.0432133058805084,0.0099999999999999,,,,False,True
568,,False,fit_exception,recovered_from_tracks,,,,,,,False,False
569,2.55232010745636,False,ok,recovered_from_tracks,0.9468809077083796,0.0269393640857059,57.20285616740428,,,,False,False
570,,False,fit_exception,recovered_from_tracks,,,,,,,False,False
571,14.069257088931629,False,ok,recovered_from_tracks,0.7200033325963122,0.0829591578876652,10.377235917798329,,,,False,False
572,6.0592242241646606,False,ok,recovered_from_tracks,0.7192467378801773,0.1048825675374362,13.533085584286118,,,,False,False
573,157.65033120513823,False,ok,recovered_from_tracks,0.8631188587889586,0.0997689688900022,0.9261001793267496,,,,False,False
574,18.357099099351917,True,ok,recovered_from_tracks,0.970459230032996,0.0357642943375614,7.953326351283599,,,,False,False
575,23.951732860758774,False,ok,recovered_from_tracks,0.9567287891916344,0.0462516492868473,6.095592366897114,,,,False,False
576,28.599527874046707,False,ok,recovered_from_tracks,0.9729750356168492,0.0490622798410456,1.0489683652164126,,,,False,False
577,52.03647377049239,True,ok,recovered_from_tracks,0.8595844317870469,0.0872759300493049,2.8057243202899387,,,,False,False
578,,False,fit_exception,recovered_from_tracks,,,,,,,False,False
579,10.089161108304374,True,ok,recovered_from_tracks,0.7600456502856126,0.0741631741806437,14.470975181457614,,,,False,False
580,17.56097284316421,True,ok,recovered_from_tracks,0.924460893142932,0.0542325187839087,8.313890198676095,,,,False,False
581,8.638948263423362,False,ok,recovered_from_tracks,0.832499909659999,0.0685624967508579,16.668695726502364,,,,False,False
582,20.059264948697127,False,ok,recovered_from_tracks,0.9559690890508988,0.0802241426506169,0.5982273044745547,,,,False,False
583,400.0000000000001,False,ok,recovered_from_tracks,0.98928395426978,0.0369761867086696,0.0249999999999999,,,,False,True
584,3.638974321510677,False,ok,recovered_from_tracks,0.6838252699808832,0.0910024523311057,39.57159003535372,,,,False,False
585,27.359199272459296,False,ok,recovered_from_tracks,0.9405255407816712,0.0514034322681976,5.263311932705403,,,,False,False
586,10.546552969960583,False,ok,recovered_from_tracks,0.980227149197356,0.053804189910162,0.7585416792373915,,,,False,False
587,15.71845544772844,False,ok,recovered_from_tracks,0.9923362576969909,0.028726930663512,1.017911718693216,,,,False,False
588,,False,fit_exception,recovered_from_tracks,,,,,,,False,False
589,,False,fit_exception,recovered_from_tracks,,,,,,,False,False
590,400.0000000000001,False,ok,recovered_from_tracks,0.9806105979002572,0.0525215727799127,0.0149999999999999,,,,False,True
591,,False,fit_exception,recovered_from_tracks,,,,,,,False,False
592,17.56097284316421,True,ok,recovered_from_tracks,0.9581555589823958,0.0403955987185996,8.200001291844917,,,,False,False
593,2.0,False,ok,recovered_from_tracks,-0.0845623364362611,0.3321992322802129,6.0,,,,True,False
594,2.0,False,ok,recovered_from_tracks,-0.2801919670125596,0.4981233898767696,2.0,,,,True,False
595,19.619470133302293,True,ok,recovered_from_tracks,0.9725861591942973,0.0337072822328554,7.339647759170259,,,,False,False
596,7.076381004359994,False,ok,recovered_from_tracks,0.9999991122032345,0.0004009199247859,0.8478910330440377,,,,False,False
597,36.49757502834402,False,ok,recovered_from_tracks,0.8921958105714396,0.0763401524608443,3.945467606770301,,,,False,False
598,10.089161108304374,False,ok,recovered_from_tracks,0.0983683446882233,0.2917421365243022,14.27274264472532,,,,False,False
599,35.69737400836636,True,ok,recovered_from_tracks,0.9495279853313228,0.0515262022201332,4.033910168469279,,,,False,False
600,8.449541290314682,False,ok,recovered_from_tracks,0.9156729949634952,0.0462097321040365,17.04234526495072,,,,False,False
601,2.4416289224960104,False,ok,recovered_from_tracks,0.089704843593544,0.2275085651392628,58.97702090323895,,,,False,False
602,2.0,False,ok,recovered_from_tracks,0.8108330502844043,0.0540949106528246,72.0,,,,True,False
603,400.0000000000001,False,ok,recovered_from_tracks,0.9621379552354106,0.0681059556360685,0.0299999999999999,,,,False,True
604,10.31532219812829,False,ok,recovered_from_tracks,0.8440470745381394,0.0965212692243199,4.265499337285245,,,,False,False
605,2.0,False,ok,recovered_from_tracks,-7.84053884022982,0.5399531175165114,72.0,,,,True,False
606,,False,fit_exception,recovered_from_tracks,,,,,,,False,False
607,,False,fit_exception,recovered_from_tracks,,,,,,,False,False
608,15.71845544772844,False,ok,recovered_from_tracks,0.5643584598481171,0.1877661443001126,5.344036523139384,,,,False,False
609,,False,fit_exception,recovered_from_tracks,,,,,,,False,False
610,41.68986160487618,False,ok,recovered_from_tracks,0.9408207099012266,0.0588025040876266,3.406103895134812,,,,False,False
611,31.95196461851046,True,ok,recovered_from_tracks,0.8678853524757629,0.0985971711121112,4.444171170549443,,,,False,False
612,3.976398975765462,False,ok,recovered_from_tracks,0.9999999509267612,9.13442777932536e-05,1.005935275705073,,,,False,False
613,400.0000000000001,False,ok,recovered_from_tracks,0.920051854304137,0.1057184231651808,0.0199999999999999,,,,False,True
614,2.0,False,ok,recovered_from_tracks,-0.413174038416785,0.544844472392656,2.0,,,,True,False
615,,False,fit_exception,recovered_from_tracks,,,,,,,False,False
616,21.438689600518373,True,ok,recovered_from_tracks,0.9738823547071734,0.038686093402409,6.623539154956865,,,,False,False
617,9.867958548865444,False,ok,recovered_from_tracks,0.8498799502618093,0.0610427888009406,14.390007750521638,,,,False,False
618,400.0000000000001,False,ok,recovered_from_tracks,0.9110177715884418,0.0979991160431866,0.0299999999999999,,,,False,True
619,20.059264948697127,False,ok,recovered_from_tracks,0.9606103383003955,0.0457300606383129,7.079023102948898,,,,False,False
620,31.95196461851046,False,ok,recovered_from_tracks,0.7201704915344613,0.0953024384543075,4.444171170549443,,,,False,False
621,,False,fit_exception,recovered_from_tracks,,,,,,,False,False
622,12.87538438204598,True,ok,recovered_from_tracks,0.9552494651410384,0.0388882532207248,11.028796949783592,,,,False,False
623,,False,fit_exception,recovered_from_tracks,,,,,,,False,False
624,10.782967067026464,True,ok,recovered_from_tracks,0.8312594786585231,0.09889320555173,13.16891715585646,,,,False,False
625,,False,fit_exception,recovered_from_tracks,,,,,,,False,False
626,2.0,False,ok,recovered_from_tracks,-0.3013898856809132,0.3500573441127168,16.0,,,,True,False
627,2.0,False,ok,recovered_from_tracks,-1.4723068516809277,0.3859039269516459,49.0,,,,True,False
628,,False,fit_exception,recovered_from_tracks,,,,,,,False,False
629,22.41061204705156,False,ok,recovered_from_tracks,0.5098322009436356,0.1845759681503319,3.926711140920298,,,,False,False
630,,False,fit_exception,recovered_from_tracks,,,,,,,False,False
631,400.0000000000001,False,ok,recovered_from_tracks,0.8539220196271977,0.1186888844311128,0.0349999999999999,,,,False,True
632,2.0,False,ok,recovered_from_tracks,0.6887089961181301,0.205575423120543,4.0,,,,True,False
633,18.768596298548967,False,ok,recovered_from_tracks,0.5136338486381394,0.1689057393921284,7.459268544809802,,,,False,False
634,2.0,False,ok,recovered_from_tracks,0.9999984377603708,0.0005279454771954,2.0,,,,True,False
635,2.0,False,ok,recovered_from_tracks,0.8076338507522532,0.1901659627602875,2.0,,,,True,False
636,,False,fit_exception,recovered_from_tracks,,,,,,,False,False
637,,False,fit_exception,recovered_from_tracks,,,,,,,False,False
638,10.089161108304374,False,ok,recovered_from_tracks,0.84127741283478,0.124309128339791,3.9646507346459217,,,,False,False
639,,False,fit_exception,recovered_from_tracks,,,,,,,False,False
640,2.0,False,ok,recovered_from_tracks,0.6381866287464184,0.2528507398478731,3.0,,,,True,False
641,17.954623882526562,False,ok,recovered_from_tracks,0.7823226694014584,0.082224690120932,7.797434294140129,,,,False,False
642,,False,fit_exception,recovered_from_tracks,,,,,,,False,False
643,,False,fit_exception,recovered_from_tracks,,,,,,,False,False
644,25.59883263467713,True,ok,recovered_from_tracks,0.8946511363198888,0.0705480109575302,5.46899938750921,,,,False,False
645,,False,fit_exception,recovered_from_tracks,,,,,,,False,False
646,,False,fit_exception,recovered_from_tracks,,,,,,,False,False
647,52.03647377049239,False,ok,recovered_from_tracks,0.9326295931638564,0.0713335475830282,2.690420581099941,,,,False,False
648,24.488640731374684,False,ok,recovered_from_tracks,0.8848809211240897,0.0786365192222329,5.716936335328442,,,,False,False
649,,False,fit_exception,recovered_from_tracks,,,,,,,False,False
650,10.782967067026464,False,ok,recovered_from_tracks,0.5741858922260088,0.1234056514641053,12.983439449435943,,,,False,False
651,2.4416289224960104,False,ok,recovered_from_tracks,0.9683041262149956,0.0542969914023816,4.91475174193658,,,,False,False
652,154.19388359917542,False,ok,recovered_from_tracks,0.96171447629027,0.0507479170780289,0.907947816944074,,,,False,False
653,400.0000000000001,False,ok,recovered_from_tracks,0.9341098480944706,0.0766026426571238,0.0899999999999999,,,,False,True
654,400.0000000000001,False,ok,recovered_from_tracks,0.957665097519774,0.0693329403398561,0.0549999999999999,,,,False,True
655,17.56097284316421,False,ok,recovered_from_tracks,0.7905292934768632,0.0934489321644703,7.858334571351378,,,,False,False
656,,False,fit_exception,recovered_from_tracks,,,,,,,False,False
657,,False,fit_exception,recovered_from_tracks,,,,,,,False,False
658,400.0000000000001,False,ok,recovered_from_tracks,0.6280247132914383,0.1482274932018575,0.3449999999999999,,,,False,True
659,23.426596572922477,False,ok,recovered_from_tracks,0.844684509339084,0.0894705739643638,5.890740448380226,,,,False,False
660,,False,fit_exception,recovered_from_tracks,,,,,,,False,False
661,,False,fit_exception,recovered_from_tracks,,,,,,,False,False
662,28.599527874046707,False,ok,recovered_from_tracks,0.8715027097516107,0.099707791930216,4.825254479995499,,,,False,False
663,188.2421229338649,False,ok,recovered_from_tracks,0.9479447608375778,0.0822243055876761,0.1487446038304468,,,,False,False
664,400.0000000000001,False,ok,recovered_from_tracks,0.9727519170726996,0.0469713322995136,0.3449999999999999,,,,False,True
665,400.0000000000001,False,ok,recovered_from_tracks,-0.0277724270224468,0.2694600083336873,0.3449999999999999,,,,False,True
666,81.0704662001219,False,ok,recovered_from_tracks,0.5533739770802748,0.1699920112125667,1.7022228496792893,,,,False,False
667,2.0,False,ok,recovered_from_tracks,-1.0087608937863357,0.5653200128096613,3.0,,,,True,False
668,2.0,False,ok,recovered_from_tracks,-6.294609984637916,0.5495636402551471,69.0,,,,True,False
669,21.91926448205724,False,ok,recovered_from_tracks,0.9521463194728488,0.0400884237954975,6.295831692389342,,,,False,False
670,,False,fit_exception,recovered_from_tracks,,,,,,,False,False
671,2.0,False,ok,recovered_from_tracks,-0.0118973206760302,0.411896584104246,2.0,,,,True,False
672,27.972489739104347,True,ok,recovered_from_tracks,0.883258212198268,0.0947223656072506,4.861919738587939,,,,False,False
673,,False,fit_exception,recovered_from_tracks,,,,,,,False,False
674,2.0,False,ok,recovered_from_tracks,-15.522065719770325,0.7526793456553253,68.0,,,,True,False
675,2.0,False,ok,recovered_from_tracks,-0.9480889526107096,0.6886137607671721,4.0,,,,True,False
676,,False,fit_exception,recovered_from_tracks,,,,,,,False,False
677,400.0000000000001,False,ok,recovered_from_tracks,0.9632316855126756,0.0775890177343872,0.0149999999999999,,,,False,True
678,13.760791831605683,False,ok,recovered_from_tracks,0.7331749667285588,0.1639822836495477,3.1974904161358744,,,,False,False
679,2.0,False,ok,recovered_from_tracks,-0.5493153177926535,0.3723791303067476,67.0,,,,True,False
680,42.62439168462744,True,ok,recovered_from_tracks,0.8673822995617686,0.0877199147923227,3.1437398800069523,,,,False,False
681,7.397188556804441,False,ok,recovered_from_tracks,0.8966795103112557,0.0564600049686669,15.952006508128756,,,,False,False
682,11.782819941207142,False,ok,recovered_from_tracks,0.7273172597417514,0.1221613879715387,5.6013755899963575,,,,False,False
683,20.968651213803724,True,ok,recovered_from_tracks,0.9573239385264756,0.0449213284091343,6.390492103363683,,,,False,False
684,,False,fit_exception,recovered_from_tracks,,,,,,,False,False
685,26.75935505961524,False,ok,recovered_from_tracks,0.1680256629721398,0.1984185426005759,4.932854312292905,,,,False,False
686,12.593094511907582,False,ok,recovered_from_tracks,0.7118564984952938,0.1092487692108547,6.352687969136962,,,,False,False
687,34.14921999061002,True,ok,recovered_from_tracks,0.9762617765302388,0.035234114968478,3.8653884345322074,,,,False,False
688,,False,fit_exception,recovered_from_tracks,,,,,,,False,False
689,,False,fit_exception,recovered_from_tracks,,,,,,,False,False
690,12.87538438204598,True,ok,recovered_from_tracks,0.9509562724098218,0.0459156808677292,10.252121108249536,,,,False,False
691,,False,fit_exception,recovered_from_tracks,,,,,,,False,False
692,400.0000000000001,False,ok,recovered_from_tracks,0.8756215042715925,0.1021634623830772,0.3249999999999999,,,,False,True
693,9.65160580516214,False,ok,recovered_from_tracks,0.8268729876311289,0.0937044152464148,13.469261242566477,,,,False,False
694,2.0448324865459355,False,ok,recovered_from_tracks,0.6159550095123593,0.2268585050995894,2.9342256832661167,,,,False,False
695,,False,fit_exception,recovered_from_tracks,,,,,,,False,False
696,,False,fit_exception,recovered_from_tracks,,,,,,,False,False
697,400.0000000000001,False,ok,recovered_from_tracks,0.8957849448147958,0.0755744912543074,0.3249999999999999,,,,False,True
698,,False,fit_exception,recovered_from_tracks,,,,,,,False,False
699,,False,fit_exception,recovered_from_tracks,,,,,,,False,False
700,,False,fit_exception,recovered_from_tracks,,,,,,,False,False
701,2.0,False,ok,recovered_from_tracks,0.9805944866007172,0.0535014420517035,4.0,,,,True,False
702,2.727836672224253,False,ok,recovered_from_tracks,0.0307222678484103,0.1690955952986189,47.65681219982984,,,,False,False
703,13.164002130586892,True,ok,recovered_from_tracks,0.8485468603944304,0.1031329574264801,2.127012721681448,,,,False,False
704,400.0000000000001,False,ok,recovered_from_tracks,-0.0436972045700376,0.4220813525613534,0.0099999999999999,,,,False,True
705,,False,fit_exception,recovered_from_tracks,,,,,,,False,False
706,6.4759016690811055,False,ok,recovered_from_tracks,0.9999994257511916,0.0003105947791105,0.6176746041555596,,,,False,False
707,,False,fit_exception,recovered_from_tracks,,,,,,,False,False
708,,False,fit_exception,recovered_from_tracks,,,,,,,False,False
709,2.0,False,ok,recovered_from_tracks,0.8952363748780694,0.147808650287381,2.0,,,,True,False
710,,False,fit_exception,recovered_from_tracks,,,,,,,False,False
711,,False,fit_exception,recovered_from_tracks,,,,,,,False,False
712,,False,fit_exception,recovered_from_tracks,,,,,,,False,False
713,,False,fit_exception,recovered_from_tracks,,,,,,,False,False
714,17.954623882526562,False,ok,recovered_from_tracks,0.8606596379847119,0.0843455870684484,3.4531494731192,,,,False,False
715,2.0,False,ok,recovered_from_tracks,-1.4517301323462144,0.4685786103118243,63.0,,,,True,False
716,400.0000000000001,False,ok,recovered_from_tracks,0.9087959325354744,0.1125889367031336,0.0149999999999999,,,,False,True
717,36.49757502834402,True,ok,recovered_from_tracks,0.927051560028958,0.0698247312664415,3.4522841559240134,,,,False,False
718,62.13406732272449,False,ok,recovered_from_tracks,0.9669426550306144,0.0538578523427096,1.6094230477557467,,,,False,False
719,400.0000000000001,False,ok,recovered_from_tracks,0.7838627176870856,0.2093735133021494,0.0199999999999999,,,,False,True
720,400.0000000000001,False,ok,recovered_from_tracks,0.7370303582934171,0.1763142234473417,0.0399999999999999,,,,False,True
721,,False,fit_exception,recovered_from_tracks,,,,,,,False,False
722,,False,fit_exception,recovered_from_tracks,,,,,,,False,False
723,23.426596572922477,True,ok,recovered_from_tracks,0.8924545923659352,0.0680534997158278,5.293129098544551,,,,False,False
724,,False,fit_exception,recovered_from_tracks,,,,,,,False,False
725,,False,fit_exception,recovered_from_tracks,,,,,,,False,False
726,,False,fit_exception,recovered_from_tracks,,,,,,,False,False
727,,False,fit_exception,recovered_from_tracks,,,,,,,False,False
728,2.0,False,ok,recovered_from_tracks,0.2610640762236154,0.1759359497887076,62.0,,,,True,False
729,,False,fit_exception,recovered_from_tracks,,,,,,,False,False
730,,False,fit_exception,recovered_from_tracks,,,,,,,False,False
731,,False,fit_exception,recovered_from_tracks,,,,,,,False,False
732,2.0,False,ok,recovered_from_tracks,-10.724464049536078,0.6302077227699928,19.0,,,,True,False
733,,False,fit_exception,recovered_from_tracks,,,,,,,False,False
734,39.88182029830365,False,ok,recovered_from_tracks,0.993607160206752,0.024173408822356,0.9528150850631136,,,,False,False
735,,False,fit_exception,recovered_from_tracks,,,,,,,False,False
736,42.62439168462744,False,ok,recovered_from_tracks,0.3964226387637009,0.1442535051051194,2.8622109355287177,,,,False,False
737,20.059264948697127,False,ok,recovered_from_tracks,0.8793532237261551,0.082486896447489,6.081977595491306,,,,False,False
738,,False,fit_exception,recovered_from_tracks,,,,,,,False,False
739,22.912973778594367,False,ok,recovered_from_tracks,0.991765191648696,0.0287210831802182,0.9601547233712946,,,,False,False
740,,False,fit_exception,recovered_from_tracks,,,,,,,False,False
741,38.15219166187273,False,ok,recovered_from_tracks,0.8899505569348575,0.0968739375228263,1.310540700862733,,,,False,False
742,,False,fit_exception,recovered_from_tracks,,,,,,,False,False
743,,False,fit_exception,recovered_from_tracks,,,,,,,False,False
744,2.0,False,ok,recovered_from_tracks,-6.65856564159558,0.6729779546482744,61.0,,,,True,False
745,,False,fit_exception,recovered_from_tracks,,,,,,,False,False
746,,False,fit_exception,recovered_from_tracks,,,,,,,False,False
747,,False,fit_exception,recovered_from_tracks,,,,,,,False,False
748,2.0,False,ok,recovered_from_tracks,-3.9942391608231897,0.7025061361187257,26.0,,,,True,False
749,2.0,False,ok,recovered_from_tracks,-1.5380210101034568,0.5945251923615467,11.0,,,,True,False
750,43.57987041799232,False,ok,recovered_from_tracks,0.8368545795693594,0.1125786237045629,2.7535648649027875,,,,False,False
751,400.0000000000001,False,ok,recovered_from_tracks,0.7224379998309676,0.1707882917663937,0.2749999999999999,,,,False,True
752,2.0,False,ok,recovered_from_tracks,-19.7891509710056,0.810590832006812,28.0,,,,True,False
753,29.896086741169132,False,ok,recovered_from_tracks,0.7106327720546599,0.1433874571669748,4.013903258942284,,,,False,False
754,,False,fit_exception,recovered_from_tracks,,,,,,,False,False
755,126.30410966916894,False,ok,recovered_from_tracks,0.2584373932526758,0.2175294772580412,0.9500878499861848,,,,False,False
756,18.768596298548967,False,ok,recovered_from_tracks,0.9383359644007988,0.0591718618906745,6.287097773482548,,,,False,False
757,400.0000000000001,False,ok,recovered_from_tracks,0.9947917198052948,0.0295213977982945,0.0199999999999999,,,,False,True
758,2.0,False,ok,recovered_from_tracks,-2.9998892706579365,0.4712606690024395,53.0,,,,True,False
759,400.0000000000001,False,ok,recovered_from_tracks,0.028079646830933,0.4025228966824719,0.0149999999999999,,,,False,True
760,,False,fit_exception,recovered_from_tracks,,,,,,,False,False
761,400.0000000000001,False,ok,recovered_from_tracks,0.7784937230050418,0.1865098817139167,0.0399999999999999,,,,False,True
762,2.0,False,ok,recovered_from_tracks,0.9935156351483582,0.0339501552587168,4.0,,,,True,False
763,400.0000000000001,False,ok,recovered_from_tracks,0.6488444809610396,0.1529063418159696,0.1949999999999999,,,,False,True
764,400.0000000000001,False,ok,recovered_from_tracks,0.8435293126574788,0.1567715841395971,0.0349999999999999,,,,False,True
765,46.57674730911978,False,ok,recovered_from_tracks,0.878903245468573,0.0876521037213025,2.490513114411643,,,,False,False
766,20.968651213803724,False,ok,recovered_from_tracks,0.5674172422803405,0.1989931144151533,1.4307071873202275,,,,False,False
767,46.57674730911978,True,ok,recovered_from_tracks,0.8131183402668497,0.0996744927297807,1.8464148951672523,,,,False,False
768,,False,fit_exception,recovered_from_tracks,,,,,,,False,False
769,2.0,False,ok,recovered_from_tracks,-2.206838196089013,0.6311567303518264,9.0,,,,True,False
770,2.0,False,ok,recovered_from_tracks,-1.6729896755465925,0.5822543352030649,3.0,,,,True,False
771,400.0000000000001,False,ok,recovered_from_tracks,0.6972653791734548,0.2220532902078024,0.0249999999999999,,,,False,True
772,,False,fit_exception,recovered_from_tracks,,,,,,,False,False
773,2.0,False,ok,recovered_from_tracks,0.7369399061895694,0.1882692237989779,3.0,,,,True,False
774,55.61488977409222,False,ok,recovered_from_tracks,0.9480940237316596,0.0741812894843245,1.0428861809417604,,,,False,False
775,400.0000000000001,False,ok,recovered_from_tracks,0.2926191934483653,0.185348797987466,0.2849999999999999,,,,False,True
776,2.0,False,ok,recovered_from_tracks,0.2664231131774442,0.3571610298068284,2.0,,,,True,False
777,2.0,False,ok,recovered_from_tracks,-0.0027339846428406,0.222699569765629,56.0,,,,True,False
778,,False,fit_exception,recovered_from_tracks,,,,,,,False,False
779,,False,fit_exception,recovered_from_tracks,,,,,,,False,False
780,400.0000000000001,False,ok,recovered_from_tracks,0.2638160890475449,0.242326441238769,0.0449999999999999,,,,False,True
781,,False,fit_exception,recovered_from_tracks,,,,,,,False,False
782,2.0,False,ok,recovered_from_tracks,-5.359796529879004,0.5971390085106545,39.0,,,,True,False
783,,False,fit_exception,recovered_from_tracks,,,,,,,False,False
784,,False,fit_exception,recovered_from_tracks,,,,,,,False,False
785,,False,fit_exception,recovered_from_tracks,,,,,,,False,False
786,,False,fit_exception,recovered_from_tracks,,,,,,,False,False
787,,False,fit_exception,recovered_from_tracks,,,,,,,False,False
788,,False,fit_exception,recovered_from_tracks,,,,,,,False,False
789,,False,fit_exception,recovered_from_tracks,,,,,,,False,False
790,2.0,False,ok,recovered_from_tracks,0.8382141743362942,0.1769991147377412,2.0,,,,True,False
791,,False,fit_exception,recovered_from_tracks,,,,,,,False,False
792,,False,fit_exception,recovered_from_tracks,,,,,,,False,False
793,2.0,False,ok,recovered_from_tracks,-0.8192316271484759,0.3797011575129762,51.0,,,,True,False
794,400.0000000000001,False,ok,recovered_from_tracks,0.0559447368045186,0.2187673646320088,0.0749999999999999,,,,False,True
795,2.0,False,ok,recovered_from_tracks,0.0149251759447391,0.4639580195593955,2.0,,,,True,False
796,2.0,False,ok,recovered_from_tracks,0.2455849089809301,0.2745984121649301,9.0,,,,True,False
797,400.0000000000001,False,ok,recovered_from_tracks,0.6049051727091148,0.2090258014690571,0.1499999999999999,,,,False,True
798,,False,fit_exception,recovered_from_tracks,,,,,,,False,False
799,4.156668921967051,False,ok,recovered_from_tracks,0.6497048172743829,0.1614468657278066,5.773854124673113,,,,False,False
800,2.0,False,ok,recovered_from_tracks,-0.4738843767500447,0.3217869517654382,48.0,,,,True,False
801,31.25142507148121,False,ok,recovered_from_tracks,0.7349265570175234,0.1266440545001823,3.0718599161612543,,,,False,False
802,13.760791831605683,False,ok,recovered_from_tracks,0.0766104880131316,0.2813235382060568,1.8894261549893805,,,,False,False
803,400.0000000000001,False,ok,recovered_from_tracks,0.7177223404528503,0.1831943399004367,0.2399999999999999,,,,False,True
804,,False,fit_exception,recovered_from_tracks,,,,,,,False,False
805,,False,fit_exception,recovered_from_tracks,,,,,,,False,False
806,2.0,False,ok,recovered_from_tracks,-1.6680917038213725,0.590110059455128,8.0,,,,True,False
807,2.0,False,ok,recovered_from_tracks,-1.0114043219700195,0.5982495614908074,4.0,,,,True,False
808,12.87538438204598,False,ok,recovered_from_tracks,0.485045429187125,0.2507641931856647,1.3980165147613004,,,,False,False
809,,False,fit_exception,recovered_from_tracks,,,,,,,False,False
810,,False,fit_exception,recovered_from_tracks,,,,,,,False,False
811,400.0000000000001,False,ok,recovered_from_tracks,0.7537174121623887,0.155449646903608,0.1099999999999999,,,,False,True
812,400.0000000000001,False,ok,recovered_from_tracks,0.8202697354757513,0.1155614089133213,0.2299999999999999,,,,False,True
813,2.0,False,ok,recovered_from_tracks,-2.785966023119566,0.6401174861196608,45.0,,,,True,False
814,,False,fit_exception,recovered_from_tracks,,,,,,,False,False
815,,False,fit_exception,recovered_from_tracks,,,,,,,False,False
816,,False,fit_exception,recovered_from_tracks,,,,,,,False,False
817,400.0000000000001,False,ok,recovered_from_tracks,0.7568127727694955,0.1359327038023804,0.2199999999999999,,,,False,True
818,,False,fit_exception,recovered_from_tracks,,,,,,,False,False
819,2.0,False,ok,recovered_from_tracks,-2.102744078368888,0.479271559993507,44.0,,,,True,False
820,2.0,False,ok,recovered_from_tracks,0.5820961294538083,0.2146249170194309,7.0,,,,True,False
821,400.0000000000001,False,ok,recovered_from_tracks,0.8450833316124933,0.1127286809983239,0.2149999999999999,,,,False,True
822,2.0,False,ok,recovered_from_tracks,-4.246985552468556,0.7651478720559122,6.0,,,,True,False
823,2.0,False,ok,recovered_from_tracks,-0.8891894347575908,0.5670451510974652,4.0,,,,True,False
824,400.0000000000001,False,ok,recovered_from_tracks,0.9007486396243064,0.086093519662715,0.2149999999999999,,,,False,True
825,2.0,False,ok,recovered_from_tracks,0.540064306217841,0.2421520918641259,3.0,,,,True,False
826,8.638948263423362,False,ok,recovered_from_tracks,0.9999999883305052,4.419900182874402e-05,0.4630193257361767,,,,False,False
827,27.359199272459296,True,ok,recovered_from_tracks,0.9269519259709834,0.0831341910078335,3.070265294078152,,,,False,False
828,400.0000000000001,False,ok,recovered_from_tracks,0.8585132680135519,0.0986688844767543,0.2099999999999999,,,,False,True
829,400.0000000000001,False,ok,recovered_from_tracks,0.894900801431753,0.1038913423219754,0.0899999999999999,,,,False,True
830,400.0000000000001,False,ok,recovered_from_tracks,0.404685487368929,0.2545434322054808,0.0499999999999999,,,,False,True
831,2.0,False,ok,recovered_from_tracks,-0.3377156140187309,0.4023642644264458,6.0,,,,True,False
832,400.0000000000001,False,ok,recovered_from_tracks,0.1207809985164801,0.3264778394396369,0.0799999999999999,,,,False,True
833,,False,fit_exception,recovered_from_tracks,,,,,,,False,False
834,,False,fit_exception,recovered_from_tracks,,,,,,,False,False
835,,False,fit_exception,recovered_from_tracks,,,,,,,False,False
836,,False,fit_exception,recovered_from_tracks,,,,,,,False,False
837,,False,fit_exception,recovered_from_tracks,,,,,,,False,False
838,2.0,False,ok,recovered_from_tracks,-4.451140874799261,0.6533032770688766,39.0,,,,True,False
839,,False,fit_exception,recovered_from_tracks,,,,,,,False,False
840,400.0000000000001,False,ok,recovered_from_tracks,0.1788402537063361,0.202656689898963,0.0899999999999999,,,,False,True
841,15.036764129240376,False,ok,recovered_from_tracks,0.5464438215714429,0.1881128793152288,2.527139461215961,,,,False,False
842,2.0,False,ok,recovered_from_tracks,-2.0621480939986245,0.4613529345905792,37.0,,,,True,False
843,2.0,False,ok,recovered_from_tracks,-0.0004928101085812,0.4083991914279697,2.0,,,,True,False
844,2.0,False,ok,recovered_from_tracks,-0.4312412476589511,0.5514646946444609,2.0,,,,True,False
845,,False,fit_exception,recovered_from_tracks,,,,,,,False,False
846,400.0000000000001,False,ok,recovered_from_tracks,0.751206305731037,0.1626891951051018,0.0299999999999999,,,,False,True
847,4.643913665654534,False,ok,recovered_from_tracks,0.383416624934832,0.2717325608937534,5.168054733122894,,,,False,False
848,8.083094411232402,False,ok,recovered_from_tracks,0.0358376161213179,0.2389197025657281,8.907479776550378,,,,False,False
849,,False,fit_exception,recovered_from_tracks,,,,,,,False,False
850,,False,fit_exception,recovered_from_tracks,,,,,,,False,False
851,400.0000000000001,False,ok,recovered_from_tracks,0.6047008297057475,0.2230501735635825,0.0299999999999999,,,,False,True
852,,False,fit_exception,recovered_from_tracks,,,,,,,False,False
853,,False,fit_exception,recovered_from_tracks,,,,,,,False,False
854,,False,fit_exception,recovered_from_tracks,,,,,,,False,False
855,,False,fit_exception,recovered_from_tracks,,,,,,,False,False
856,,False,fit_exception,recovered_from_tracks,,,,,,,False,False
857,3.638974321510677,False,ok,recovered_from_tracks,0.0309805845045563,0.2590427910465097,18.13697876620379,,,,False,False
858,400.0000000000001,False,ok,recovered_from_tracks,0.4766453572842023,0.3118498906010375,0.0099999999999999,,,,False,True
859,,False,fit_exception,recovered_from_tracks,,,,,,,False,False
860,400.0000000000001,False,ok,recovered_from_tracks,0.1809689394227442,0.1897713042902059,0.1549999999999999,,,,False,True
861,5.545057599700776,False,ok,recovered_from_tracks,0.3029900180339044,0.2307936296253024,11.541809773707955,,,,False,False
862,2.0,False,ok,recovered_from_tracks,-0.0059032199792137,0.2505304693542858,30.0,,,,True,False
863,,False,fit_exception,recovered_from_tracks,,,,,,,False,False
864,18.768596298548967,False,ok,recovered_from_tracks,0.9465241448473304,0.0792052549741086,0.4262439168462744,,,,False,False
865,14.70708650041059,False,ok,recovered_from_tracks,0.1193034730635088,0.2320301694663477,4.215654813634848,,,,False,False
866,,False,fit_exception,recovered_from_tracks,,,,,,,False,False
867,2.0,False,ok,recovered_from_tracks,-2.146414431557349,0.7053751248297988,11.0,,,,True,False
868,2.0,False,ok,recovered_from_tracks,-1.2366559695336488,0.5599361870646947,29.0,,,,True,False
869,,False,fit_exception,recovered_from_tracks,,,,,,,False,False
870,2.0,False,ok,recovered_from_tracks,-3.306201103523059,0.5532343523333745,29.0,,,,True,False
871,,False,fit_exception,recovered_from_tracks,,,,,,,False,False
872,2.0,False,ok,recovered_from_tracks,-0.0273333591353954,0.3679098757580673,6.0,,,,True,False
873,2.0,False,ok,recovered_from_tracks,0.0727184421149855,0.2947541171326251,29.0,,,,True,False
874,400.0000000000001,False,ok,recovered_from_tracks,0.9872457696261904,0.0384213438163567,0.0399999999999999,,,,False,True
875,400.0000000000001,False,ok,recovered_from_tracks,0.8315971877855663,0.1133808314455007,0.1349999999999999,,,,False,True
876,2.0,False,ok,recovered_from_tracks,-1.9962699212193948,0.5414943889063718,14.0,,,,True,False
877,2.0,False,ok,recovered_from_tracks,-0.0187412445932351,0.3325407756318931,4.0,,,,True,False
878,,False,fit_exception,recovered_from_tracks,,,,,,,False,False
879,,False,fit_exception,recovered_from_tracks,,,,,,,False,False
880,2.0,False,ok,recovered_from_tracks,0.1197122123085998,0.3026407375527177,12.0,,,,True,False
881,,False,fit_exception,recovered_from_tracks,,,,,,,False,False
882,,False,fit_exception,recovered_from_tracks,,,,,,,False,False
883,,False,fit_exception,recovered_from_tracks,,,,,,,False,False
884,2.0,False,ok,recovered_from_tracks,0.8780530096906852,0.1279491057858421,3.0,,,,True,False
885,,False,fit_exception,recovered_from_tracks,,,,,,,False,False
886,,False,fit_exception,recovered_from_tracks,,,,,,,False,False
887,,False,fit_exception,recovered_from_tracks,,,,,,,False,False
888,,False,fit_exception,recovered_from_tracks,,,,,,,False,False
889,2.0,False,ok,recovered_from_tracks,0.0483629302655137,0.4260303627703855,3.0,,,,True,False
890,,False,fit_exception,recovered_from_tracks,,,,,,,False,False
891,400.0000000000001,False,ok,recovered_from_tracks,0.6870779887067284,0.2396546794993419,0.0549999999999999,,,,False,True
892,400.0000000000001,False,ok,recovered_from_tracks,0.0850397776129148,0.2924302985824581,0.1049999999999999,,,,False,True
893,,False,fit_exception,recovered_from_tracks,,,,,,,False,False
894,,False,fit_exception,recovered_from_tracks,,,,,,,False,False
895,,False,fit_exception,recovered_from_tracks,,,,,,,False,False
896,,False,fit_exception,recovered_from_tracks,,,,,,,False,False
897,,False,fit_exception,recovered_from_tracks,,,,,,,False,False
898,,False,fit_exception,recovered_from_tracks,,,,,,,False,False
899,400.0000000000001,False,ok,recovered_from_tracks,0.1433614651876095,0.2762114746946567,0.0949999999999999,,,,False,True
900,2.0,False,ok,recovered_from_tracks,-3.095431365881346,0.6998159652908824,6.0,,,,True,False
901,,False,fit_exception,recovered_from_tracks,,,,,,,False,False
902,,False,fit_exception,recovered_from_tracks,,,,,,,False,False
903,2.0,False,ok,recovered_from_tracks,-1.3048443324051338,0.6233499707189415,2.0,,,,True,False
904,,False,fit_exception,recovered_from_tracks,,,,,,,False,False
905,400.0000000000001,False,ok,recovered_from_tracks,0.3495942572747713,0.1606379311440331,0.0949999999999999,,,,False,True
906,,False,fit_exception,recovered_from_tracks,,,,,,,False,False
907,,False,fit_exception,recovered_from_tracks,,,,,,,False,False
908,400.0000000000001,False,ok,recovered_from_tracks,0.2048861763899191,0.2313752214209832,0.0749999999999999,,,,False,True
909,,False,fit_exception,recovered_from_tracks,,,,,,,False,False
910,2.0,False,ok,recovered_from_tracks,-0.242234997896213,0.4195146972936155,11.0,,,,True,False
911,,False,fit_exception,recovered_from_tracks,,,,,,,False,False
912,,False,fit_exception,recovered_from_tracks,,,,,,,False,False
913,2.0,False,ok,recovered_from_tracks,-0.0466148372840808,0.2788585361150862,8.0,,,,True,False
914,,False,fit_exception,recovered_from_tracks,,,,,,,False,False
915,,False,fit_exception,recovered_from_tracks,,,,,,,False,False
916,,False,fit_exception,recovered_from_tracks,,,,,,,False,False
917,,False,fit_exception,recovered_from_tracks,,,,,,,False,False
918,,False,fit_exception,recovered_from_tracks,,,,,,,False,False
919,,False,fit_exception,recovered_from_tracks,,,,,,,False,False
920,,False,fit_exception,recovered_from_tracks,,,,,,,False,False
921,23.951732860758774,False,ok,recovered_from_tracks,0.8175827021154477,0.1557029149650005,0.8350126529996048,,,,False,False
922,,False,fit_exception,recovered_from_tracks,,,,,,,False,False
923,,False,fit_exception,recovered_from_tracks,,,,,,,False,False
924,,False,fit_exception,recovered_from_tracks,,,,,,,False,False
925,82.88776149271675,False,ok,recovered_from_tracks,0.8408766791836199,0.1020583953232158,0.2895481741548642,,,,False,False
926,90.57354649490996,False,ok,recovered_from_tracks,0.6607301774787697,0.1999084439588929,0.2649780308795653,,,,False,False
927,19.189317719069365,False,ok,recovered_from_tracks,0.4697508765719329,0.2094334508952206,1.250695848146285,,,,False,False
928,,False,fit_exception,recovered_from_tracks,,,,,,,False,False
929,,False,fit_exception,recovered_from_tracks,,,,,,,False,False
930,2.0,False,ok,recovered_from_tracks,-0.5687807489202601,0.4106453038007807,6.0,,,,True,False
931,,False,fit_exception,recovered_from_tracks,,,,,,,False,False
932,,False,fit_exception,recovered_from_tracks,,,,,,,False,False
933,,False,fit_exception,recovered_from_tracks,,,,,,,False,False
934,,False,fit_exception,recovered_from_tracks,,,,,,,False,False
935,,False,fit_exception,recovered_from_tracks,,,,,,,False,False
936,400.0000000000001,False,ok,recovered_from_tracks,0.6775657140192431,0.24750095284643,0.0149999999999999,,,,False,True
937,,False,fit_exception,recovered_from_tracks,,,,,,,False,False
938,2.0,False,ok,recovered_from_tracks,-0.7817630660603863,0.6133445456123559,6.0,,,,True,False
939,2.0,False,ok,recovered_from_tracks,-0.0110508777596052,0.40861435253521,4.0,,,,True,False
940,400.0000000000001,False,ok,recovered_from_tracks,0.3358531489181345,0.2457171508363693,0.0349999999999999,,,,False,True
941,,False,fit_exception,recovered_from_tracks,,,,,,,False,False
942,,False,fit_exception,recovered_from_tracks,,,,,,,False,False
943,,False,fit_exception,recovered_from_tracks,,,,,,,False,False
944,,False,fit_exception,recovered_from_tracks,,,,,,,False,False
945,,False,fit_exception,recovered_from_tracks,,,,,,,False,False
946,2.0,False,ok,recovered_from_tracks,0.2576342111871516,0.3694080390695478,5.0,,,,True,False
947,,False,fit_exception,recovered_from_tracks,,,,,,,False,False
948,400.0000000000001,False,ok,recovered_from_tracks,0.0962287562604728,0.3573275205768838,0.0249999999999999,,,,False,True
949,,False,fit_exception,recovered_from_tracks,,,,,,,False,False
950,,False,fit_exception,recovered_from_tracks,,,,,,,False,False
951,,False,fit_exception,recovered_from_tracks,,,,,,,False,False
952,,False,fit_exception,recovered_from_tracks,,,,,,,False,False
953,,False,fit_exception,recovered_from_tracks,,,,,,,False,False
954,,False,fit_exception,recovered_from_tracks,,,,,,,False,False
955,,False,fit_exception,recovered_from_tracks,,,,,,,False,False
956,,False,fit_exception,recovered_from_tracks,,,,,,,False,False
957,,False,fit_exception,recovered_from_tracks,,,,,,,False,False
958,2.0,False,ok,recovered_from_tracks,0.5061528091183546,0.2526899125203613,4.0,,,,True,False
959,2.0,False,ok,recovered_from_tracks,-0.0229773482671535,0.3993258848340024,3.0,,,,True,False
960,,False,fit_exception,recovered_from_tracks,,,,,,,False,False
961,,False,fit_exception,recovered_from_tracks,,,,,,,False,False
962,2.0,False,ok,recovered_from_tracks,-0.310809213349503,0.5085922795467075,2.0,,,,True,False
963,,False,fit_exception,recovered_from_tracks,,,,,,,False,False
964,,False,fit_exception,recovered_from_tracks,,,,,,,False,False
965,,False,fit_exception,recovered_from_tracks,,,,,,,False,False
966,,False,fit_exception,recovered_from_tracks,,,,,,,False,False
967,,False,fit_exception,recovered_from_tracks,,,,,,,False,False
968,,False,fit_exception,recovered_from_tracks,,,,,,,False,False
969,,False,fit_exception,recovered_from_tracks,,,,,,,False,False
970,,False,fit_exception,recovered_from_tracks,,,,,,,False,False
971,,False,fit_exception,recovered_from_tracks,,,,,,,False,False
972,,False,fit_exception,recovered_from_tracks,,,,,,,False,False
973,,False,fit_exception,recovered_from_tracks,,,,,,,False,False
974,,False,fit_exception,recovered_from_tracks,,,,,,,False,False
975,,False,fit_exception,recovered_from_tracks,,,,,,,False,False
976,,False,fit_exception,recovered_from_tracks,,,,,,,False,False
